[2026-03-17 23:48:54] START run_exp_dir_experiments.py
[2026-03-17 23:48:54] Working directory: /Users/ansh/Downloads/HW-3-Experiments
[2026-03-17 23:48:54] Cases: Exp-2.3b, Exp-2.3c, Exp-2.3d, Exp-2.3e, Exp-2.3f
[2026-03-17 23:48:54] Run QryEval: True
[2026-03-17 23:48:54] Run trec_eval: True
[2026-03-17 23:48:54] Conda env override: None
[2026-03-17 23:48:54] Generator param: EXP_DIR/params/Generate-queries-inRank.param
[2026-03-17 23:48:54] Log file: EXP_DIR/output/run_exp_dir_experiments.txt

[2026-03-17 23:48:54] Using existing shared inRank: EXP_DIR/output/queries.inRank
[2026-03-17 23:48:54] Running EXP_DIR/params/Exp-2.3b.param
[2026-03-17 23:48:54] BEGIN QryEval EXP_DIR/params/Exp-2.3b.param
[2026-03-17 23:48:54] COMMAND /opt/anaconda3/envs/11x42-26S-a/bin/python QryEval.py EXP_DIR/params/Exp-2.3b.param

Discard orig. features
Training data:	EXP_DIR/output/Exp-2.3b.LtrTrain
Feature vector representation: Dense.
Ranking method:	ListNet
Feature description file:	Unspecified. All features will be used.
Train metric:	MAP
Test metric:	MAP
Feature normalization: No
Model file: EXP_DIR/output/Exp-2.3b.Model

[+] ListNet's Parameters:
No. of epochs: 1500
Learning rate: 1.0E-5


Reading feature file [EXP_DIR/output/Exp-2.3b.LtrTrain]: 0... 
Reading feature file [EXP_DIR/output/Exp-2.3b.LtrTrain]... [Done.]            
(47 ranked lists, 9585 entries read)
Initializing... [Done]
-----------------------------------------
Training starts...
--------------------------------------------------
#epoch  | C.E. Loss      | MAP-T     | MAP-V     | 
--------------------------------------------------
1       | 0.0            | 0.2441    | 
2       | 0.0            | 0.2442    | 
3       | 0.0            | 0.2449    | 
4       | 0.0            | 0.2448    | 
5       | 0.0            | 0.2451    | 
6       | 0.0            | 0.2452    | 
7       | 0.0            | 0.2456    | 
8       | 0.0            | 0.2459    | 
9       | 0.0            | 0.2462    | 
10      | 0.0            | 0.2465    | 
11      | 0.0            | 0.2471    | 
12      | 0.0            | 0.2474    | 
13      | 0.0            | 0.2477    | 
14      | 0.0            | 0.2479    | 
15      | 0.0            | 0.2506    | 
16      | 0.0            | 0.2506    | 
17      | 0.0            | 0.2503    | 
18      | 0.0            | 0.2506    | 
19      | 0.0            | 0.2508    | 
20      | 0.0            | 0.2512    | 
21      | 0.0            | 0.2514    | 
22      | 0.0            | 0.2518    | 
23      | 0.0            | 0.2522    | 
24      | 0.0            | 0.2523    | 
25      | 0.0            | 0.2523    | 
26      | 0.0            | 0.2521    | 
27      | 0.0            | 0.2524    | 
28      | 0.0            | 0.2523    | 
29      | 0.0            | 0.253     | 
30      | 0.0            | 0.2532    | 
31      | 0.0            | 0.2533    | 
32      | 0.0            | 0.2532    | 
33      | 0.0            | 0.2534    | 
34      | 0.0            | 0.2535    | 
35      | 0.0            | 0.2539    | 
36      | 0.0            | 0.2538    | 
37      | 0.0            | 0.2537    | 
38      | 0.0            | 0.2538    | 
39      | 0.0            | 0.254     | 
40      | 0.0            | 0.2543    | 
41      | 0.0            | 0.2542    | 
42      | 0.0            | 0.2546    | 
43      | 0.0            | 0.2549    | 
44      | 0.0            | 0.2552    | 
45      | 0.0            | 0.2553    | 
46      | 0.0            | 0.2555    | 
47      | 0.0            | 0.2557    | 
48      | 0.0            | 0.256     | 
49      | 0.0            | 0.2562    | 
50      | 0.0            | 0.2564    | 
51      | 0.0            | 0.2567    | 
52      | 0.0            | 0.2569    | 
53      | 0.0            | 0.2572    | 
54      | 0.0            | 0.2578    | 
55      | 0.0            | 0.258     | 
56      | 0.0            | 0.2582    | 
57      | 0.0            | 0.2583    | 
58      | 0.0            | 0.2584    | 
59      | 0.0            | 0.2587    | 
60      | 0.0            | 0.2586    | 
61      | 0.0            | 0.259     | 
62      | 0.0            | 0.2593    | 
63      | 0.0            | 0.2599    | 
64      | 0.0            | 0.2601    | 
65      | 0.0            | 0.2602    | 
66      | 0.0            | 0.2599    | 
67      | 0.0            | 0.2602    | 
68      | 0.0            | 0.2604    | 
69      | 0.0            | 0.2607    | 
70      | 0.0            | 0.261     | 
71      | 0.0            | 0.2613    | 
72      | 0.0            | 0.2615    | 
73      | 0.0            | 0.2619    | 
74      | 0.0            | 0.2621    | 
75      | 0.0            | 0.2623    | 
76      | 0.0            | 0.2625    | 
77      | 0.0            | 0.2628    | 
78      | 0.0            | 0.263     | 
79      | 0.0            | 0.2635    | 
80      | 0.0            | 0.2636    | 
81      | 0.0            | 0.264     | 
82      | 0.0            | 0.2643    | 
83      | 0.0            | 0.2647    | 
84      | 0.0            | 0.2649    | 
85      | 0.0            | 0.2651    | 
86      | 0.0            | 0.2654    | 
87      | 0.0            | 0.2656    | 
88      | 0.0            | 0.2658    | 
89      | 0.0            | 0.266     | 
90      | 0.0            | 0.266     | 
91      | 0.0            | 0.2663    | 
92      | 0.0            | 0.2667    | 
93      | 0.0            | 0.2671    | 
94      | 0.0            | 0.2673    | 
95      | 0.0            | 0.2678    | 
96      | 0.0            | 0.2681    | 
97      | 0.0            | 0.2683    | 
98      | 0.0            | 0.269     | 
99      | 0.0            | 0.2691    | 
100     | 0.0            | 0.2701    | 
101     | 0.0            | 0.2704    | 
102     | 0.0            | 0.2706    | 
103     | 0.0            | 0.2709    | 
104     | 0.0            | 0.2712    | 
105     | 0.0            | 0.2712    | 
106     | 0.0            | 0.2713    | 
107     | 0.0            | 0.2714    | 
108     | 0.0            | 0.2716    | 
109     | 0.0            | 0.2719    | 
110     | 0.0            | 0.272     | 
111     | 0.0            | 0.2721    | 
112     | 0.0            | 0.2722    | 
113     | 0.0            | 0.2725    | 
114     | 0.0            | 0.2727    | 
115     | 0.0            | 0.2728    | 
116     | 0.0            | 0.2729    | 
117     | 0.0            | 0.2731    | 
118     | 0.0            | 0.2733    | 
119     | 0.0            | 0.2734    | 
120     | 0.0            | 0.2733    | 
121     | 0.0            | 0.2735    | 
122     | 0.0            | 0.2737    | 
123     | 0.0            | 0.2738    | 
124     | 0.0            | 0.2738    | 
125     | 0.0            | 0.2739    | 
126     | 0.0            | 0.2741    | 
127     | 0.0            | 0.2741    | 
128     | 0.0            | 0.2744    | 
129     | 0.0            | 0.2743    | 
130     | 0.0            | 0.2744    | 
131     | 0.0            | 0.2746    | 
132     | 0.0            | 0.2747    | 
133     | 0.0            | 0.2748    | 
134     | 0.0            | 0.2749    | 
135     | 0.0            | 0.2751    | 
136     | 0.0            | 0.2752    | 
137     | 0.0            | 0.2752    | 
138     | 0.0            | 0.2752    | 
139     | 0.0            | 0.2754    | 
140     | 0.0            | 0.2756    | 
141     | 0.0            | 0.2758    | 
142     | 0.0            | 0.2757    | 
143     | 0.0            | 0.2757    | 
144     | 0.0            | 0.2758    | 
145     | 0.0            | 0.276     | 
146     | 0.0            | 0.276     | 
147     | 0.0            | 0.2761    | 
148     | 0.0            | 0.2763    | 
149     | 0.0            | 0.2765    | 
150     | 0.0            | 0.2768    | 
151     | 0.0            | 0.2769    | 
152     | 0.0            | 0.2769    | 
153     | 0.0            | 0.277     | 
154     | 0.0            | 0.277     | 
155     | 0.0            | 0.2771    | 
156     | 0.0            | 0.2773    | 
157     | 0.0            | 0.2773    | 
158     | 0.0            | 0.2773    | 
159     | 0.0            | 0.2775    | 
160     | 0.0            | 0.2775    | 
161     | 0.0            | 0.2774    | 
162     | 0.0            | 0.2774    | 
163     | 0.0            | 0.2775    | 
164     | 0.0            | 0.2775    | 
165     | 0.0            | 0.2776    | 
166     | 0.0            | 0.2777    | 
167     | 0.0            | 0.2778    | 
168     | 0.0            | 0.278     | 
169     | 0.0            | 0.2786    | 
170     | 0.0            | 0.2786    | 
171     | 0.0            | 0.2787    | 
172     | 0.0            | 0.2789    | 
173     | 0.0            | 0.279     | 
174     | 0.0            | 0.279     | 
175     | 0.0            | 0.2793    | 
176     | 0.0            | 0.2795    | 
177     | 0.0            | 0.2796    | 
178     | 0.0            | 0.2797    | 
179     | 0.0            | 0.2799    | 
180     | 0.0            | 0.28      | 
181     | 0.0            | 0.28      | 
182     | 0.0            | 0.2801    | 
183     | 0.0            | 0.2801    | 
184     | 0.0            | 0.2802    | 
185     | 0.0            | 0.2803    | 
186     | 0.0            | 0.2807    | 
187     | 0.0            | 0.2807    | 
188     | 0.0            | 0.2807    | 
189     | 0.0            | 0.2809    | 
190     | 0.0            | 0.281     | 
191     | 0.0            | 0.281     | 
192     | 0.0            | 0.281     | 
193     | 0.0            | 0.2812    | 
194     | 0.0            | 0.2812    | 
195     | 0.0            | 0.2813    | 
196     | 0.0            | 0.2815    | 
197     | 0.0            | 0.2817    | 
198     | 0.0            | 0.2817    | 
199     | 0.0            | 0.2818    | 
200     | 0.0            | 0.282     | 
201     | 0.0            | 0.2821    | 
202     | 0.0            | 0.2826    | 
203     | 0.0            | 0.2826    | 
204     | 0.0            | 0.2827    | 
205     | 0.0            | 0.2826    | 
206     | 0.0            | 0.2829    | 
207     | 0.0            | 0.2831    | 
208     | 0.0            | 0.2832    | 
209     | 0.0            | 0.2835    | 
210     | 0.0            | 0.2835    | 
211     | 0.0            | 0.2838    | 
212     | 0.0            | 0.2841    | 
213     | 0.0            | 0.2843    | 
214     | 0.0            | 0.2845    | 
215     | 0.0            | 0.2849    | 
216     | 0.0            | 0.2848    | 
217     | 0.0            | 0.2848    | 
218     | 0.0            | 0.2847    | 
219     | 0.0            | 0.2851    | 
220     | 0.0            | 0.2853    | 
221     | 0.0            | 0.2855    | 
222     | 0.0            | 0.2856    | 
223     | 0.0            | 0.2857    | 
224     | 0.0            | 0.2856    | 
225     | 0.0            | 0.2857    | 
226     | 0.0            | 0.2858    | 
227     | 0.0            | 0.2858    | 
228     | 0.0            | 0.2861    | 
229     | 0.0            | 0.2863    | 
230     | 0.0            | 0.286     | 
231     | 0.0            | 0.286     | 
232     | 0.0            | 0.2861    | 
233     | 0.0            | 0.2862    | 
234     | 0.0            | 0.2863    | 
235     | 0.0            | 0.2864    | 
236     | 0.0            | 0.2864    | 
237     | 0.0            | 0.2864    | 
238     | 0.0            | 0.2864    | 
239     | 0.0            | 0.2865    | 
240     | 0.0            | 0.2865    | 
241     | 0.0            | 0.2865    | 
242     | 0.0            | 0.2865    | 
243     | 0.0            | 0.2865    | 
244     | 0.0            | 0.2865    | 
245     | 0.0            | 0.2865    | 
246     | 0.0            | 0.2865    | 
247     | 0.0            | 0.2865    | 
248     | 0.0            | 0.2865    | 
249     | 0.0            | 0.2865    | 
250     | 0.0            | 0.2865    | 
251     | 0.0            | 0.2865    | 
252     | 0.0            | 0.2866    | 
253     | 0.0            | 0.2867    | 
254     | 0.0            | 0.2867    | 
255     | 0.0            | 0.2868    | 
256     | 0.0            | 0.2867    | 
257     | 0.0            | 0.2869    | 
258     | 0.0            | 0.2869    | 
259     | 0.0            | 0.2869    | 
260     | 0.0            | 0.2868    | 
261     | 0.0            | 0.2868    | 
262     | 0.0            | 0.287     | 
263     | 0.0            | 0.2869    | 
264     | 0.0            | 0.2869    | 
265     | 0.0            | 0.287     | 
266     | 0.0            | 0.2869    | 
267     | 0.0            | 0.2869    | 
268     | 0.0            | 0.287     | 
269     | 0.0            | 0.2872    | 
270     | 0.0            | 0.2873    | 
271     | 0.0            | 0.2873    | 
272     | 0.0            | 0.2873    | 
273     | 0.0            | 0.2876    | 
274     | 0.0            | 0.2873    | 
275     | 0.0            | 0.2872    | 
276     | 0.0            | 0.2872    | 
277     | 0.0            | 0.287     | 
278     | 0.0            | 0.287     | 
279     | 0.0            | 0.2869    | 
280     | 0.0            | 0.2869    | 
281     | 0.0            | 0.2868    | 
282     | 0.0            | 0.2868    | 
283     | 0.0            | 0.2865    | 
284     | 0.0            | 0.2864    | 
285     | 0.0            | 0.2863    | 
286     | 0.0            | 0.2863    | 
287     | 0.0            | 0.2864    | 
288     | 0.0            | 0.2867    | 
289     | 0.0            | 0.2867    | 
290     | 0.0            | 0.2868    | 
291     | 0.0            | 0.2866    | 
292     | 0.0            | 0.2867    | 
293     | 0.0            | 0.2866    | 
294     | 0.0            | 0.2866    | 
295     | 0.0            | 0.2867    | 
296     | 0.0            | 0.2867    | 
297     | 0.0            | 0.2867    | 
298     | 0.0            | 0.2869    | 
299     | 0.0            | 0.2868    | 
300     | 0.0            | 0.2867    | 
301     | 0.0            | 0.286     | 
302     | 0.0            | 0.286     | 
303     | 0.0            | 0.286     | 
304     | 0.0            | 0.2862    | 
305     | 0.0            | 0.2863    | 
306     | 0.0            | 0.2862    | 
307     | 0.0            | 0.2861    | 
308     | 0.0            | 0.286     | 
309     | 0.0            | 0.286     | 
310     | 0.0            | 0.2858    | 
311     | 0.0            | 0.2857    | 
312     | 0.0            | 0.2856    | 
313     | 0.0            | 0.2855    | 
314     | 0.0            | 0.2855    | 
315     | 0.0            | 0.2855    | 
316     | 0.0            | 0.2855    | 
317     | 0.0            | 0.2855    | 
318     | 0.0            | 0.2856    | 
319     | 0.0            | 0.2856    | 
320     | 0.0            | 0.2855    | 
321     | 0.0            | 0.2856    | 
322     | 0.0            | 0.2856    | 
323     | 0.0            | 0.2859    | 
324     | 0.0            | 0.2859    | 
325     | 0.0            | 0.2859    | 
326     | 0.0            | 0.2859    | 
327     | 0.0            | 0.286     | 
328     | 0.0            | 0.2859    | 
329     | 0.0            | 0.2859    | 
330     | 0.0            | 0.2858    | 
331     | 0.0            | 0.2859    | 
332     | 0.0            | 0.2866    | 
333     | 0.0            | 0.2871    | 
334     | 0.0            | 0.2873    | 
335     | 0.0            | 0.2876    | 
336     | 0.0            | 0.2875    | 
337     | 0.0            | 0.2878    | 
338     | 0.0            | 0.2878    | 
339     | 0.0            | 0.2877    | 
340     | 0.0            | 0.2878    | 
341     | 0.0            | 0.2877    | 
342     | 0.0            | 0.2878    | 
343     | 0.0            | 0.2884    | 
344     | 0.0            | 0.2884    | 
345     | 0.0            | 0.2884    | 
346     | 0.0            | 0.2884    | 
347     | 0.0            | 0.2885    | 
348     | 0.0            | 0.2885    | 
349     | 0.0            | 0.2884    | 
350     | 0.0            | 0.2883    | 
351     | 0.0            | 0.2882    | 
352     | 0.0            | 0.2883    | 
353     | 0.0            | 0.2883    | 
354     | 0.0            | 0.2881    | 
355     | 0.0            | 0.2881    | 
356     | 0.0            | 0.2892    | 
357     | 0.0            | 0.2892    | 
358     | 0.0            | 0.2891    | 
359     | 0.0            | 0.289     | 
360     | 0.0            | 0.2889    | 
361     | 0.0            | 0.2889    | 
362     | 0.0            | 0.2889    | 
363     | 0.0            | 0.2888    | 
364     | 0.0            | 0.2887    | 
365     | 0.0            | 0.2886    | 
366     | 0.0            | 0.2886    | 
367     | 0.0            | 0.2887    | 
368     | 0.0            | 0.2888    | 
369     | 0.0            | 0.2888    | 
370     | 0.0            | 0.2891    | 
371     | 0.0            | 0.2892    | 
372     | 0.0            | 0.2891    | 
373     | 0.0            | 0.2893    | 
374     | 0.0            | 0.2895    | 
375     | 0.0            | 0.2895    | 
376     | 0.0            | 0.2895    | 
377     | 0.0            | 0.2895    | 
378     | 0.0            | 0.2894    | 
379     | 0.0            | 0.2895    | 
380     | 0.0            | 0.2894    | 
381     | 0.0            | 0.2893    | 
382     | 0.0            | 0.2892    | 
383     | 0.0            | 0.2892    | 
384     | 0.0            | 0.2891    | 
385     | 0.0            | 0.2891    | 
386     | 0.0            | 0.289     | 
387     | 0.0            | 0.289     | 
388     | 0.0            | 0.2889    | 
389     | 0.0            | 0.2889    | 
390     | 0.0            | 0.2886    | 
391     | 0.0            | 0.2885    | 
392     | 0.0            | 0.2885    | 
393     | 0.0            | 0.2884    | 
394     | 0.0            | 0.2884    | 
395     | 0.0            | 0.2884    | 
396     | 0.0            | 0.2885    | 
397     | 0.0            | 0.2884    | 
398     | 0.0            | 0.2886    | 
399     | 0.0            | 0.2885    | 
400     | 0.0            | 0.2886    | 
401     | 0.0            | 0.2886    | 
402     | 0.0            | 0.2889    | 
403     | 0.0            | 0.2886    | 
404     | 0.0            | 0.2887    | 
405     | 0.0            | 0.2885    | 
406     | 0.0            | 0.2885    | 
407     | 0.0            | 0.2885    | 
408     | 0.0            | 0.288     | 
409     | 0.0            | 0.2878    | 
410     | 0.0            | 0.2878    | 
411     | 0.0            | 0.2879    | 
412     | 0.0            | 0.2881    | 
413     | 0.0            | 0.2881    | 
414     | 0.0            | 0.288     | 
415     | 0.0            | 0.2894    | 
416     | 0.0            | 0.2893    | 
417     | 0.0            | 0.2892    | 
418     | 0.0            | 0.2892    | 
419     | 0.0            | 0.2892    | 
420     | 0.0            | 0.2891    | 
421     | 0.0            | 0.289     | 
422     | 0.0            | 0.2889    | 
423     | 0.0            | 0.2888    | 
424     | 0.0            | 0.2891    | 
425     | 0.0            | 0.289     | 
426     | 0.0            | 0.2892    | 
427     | 0.0            | 0.2892    | 
428     | 0.0            | 0.2893    | 
429     | 0.0            | 0.2893    | 
430     | 0.0            | 0.2892    | 
431     | 0.0            | 0.2892    | 
432     | 0.0            | 0.2893    | 
433     | 0.0            | 0.2892    | 
434     | 0.0            | 0.2893    | 
435     | 0.0            | 0.2893    | 
436     | 0.0            | 0.2894    | 
437     | 0.0            | 0.2893    | 
438     | 0.0            | 0.2894    | 
439     | 0.0            | 0.2896    | 
440     | 0.0            | 0.2895    | 
441     | 0.0            | 0.2894    | 
442     | 0.0            | 0.2896    | 
443     | 0.0            | 0.2896    | 
444     | 0.0            | 0.2896    | 
445     | 0.0            | 0.2895    | 
446     | 0.0            | 0.2894    | 
447     | 0.0            | 0.2892    | 
448     | 0.0            | 0.2891    | 
449     | 0.0            | 0.289     | 
450     | 0.0            | 0.289     | 
451     | 0.0            | 0.2889    | 
452     | 0.0            | 0.2888    | 
453     | 0.0            | 0.2887    | 
454     | 0.0            | 0.2886    | 
455     | 0.0            | 0.2884    | 
456     | 0.0            | 0.2885    | 
457     | 0.0            | 0.2884    | 
458     | 0.0            | 0.2883    | 
459     | 0.0            | 0.2882    | 
460     | 0.0            | 0.2881    | 
461     | 0.0            | 0.2881    | 
462     | 0.0            | 0.2881    | 
463     | 0.0            | 0.288     | 
464     | 0.0            | 0.2866    | 
465     | 0.0            | 0.2865    | 
466     | 0.0            | 0.2866    | 
467     | 0.0            | 0.2873    | 
468     | 0.0            | 0.2873    | 
469     | 0.0            | 0.2873    | 
470     | 0.0            | 0.2867    | 
471     | 0.0            | 0.2866    | 
472     | 0.0            | 0.2866    | 
473     | 0.0            | 0.2865    | 
474     | 0.0            | 0.2867    | 
475     | 0.0            | 0.2866    | 
476     | 0.0            | 0.2866    | 
477     | 0.0            | 0.2866    | 
478     | 0.0            | 0.2884    | 
479     | 0.0            | 0.2885    | 
480     | 0.0            | 0.2884    | 
481     | 0.0            | 0.2884    | 
482     | 0.0            | 0.2918    | 
483     | 0.0            | 0.2917    | 
484     | 0.0            | 0.2922    | 
485     | 0.0            | 0.2922    | 
486     | 0.0            | 0.2922    | 
487     | 0.0            | 0.2919    | 
488     | 0.0            | 0.2918    | 
489     | 0.0            | 0.2918    | 
490     | 0.0            | 0.2918    | 
491     | 0.0            | 0.2915    | 
492     | 0.0            | 0.2914    | 
493     | 0.0            | 0.2916    | 
494     | 0.0            | 0.2915    | 
495     | 0.0            | 0.2912    | 
496     | 0.0            | 0.291     | 
497     | 0.0            | 0.2909    | 
498     | 0.0            | 0.2905    | 
499     | 0.0            | 0.2906    | 
500     | 0.0            | 0.2903    | 
501     | 0.0            | 0.2902    | 
502     | 0.0            | 0.29      | 
503     | 0.0            | 0.2899    | 
504     | 0.0            | 0.2895    | 
505     | 0.0            | 0.2894    | 
506     | 0.0            | 0.2893    | 
507     | 0.0            | 0.2893    | 
508     | 0.0            | 0.2891    | 
509     | 0.0            | 0.289     | 
510     | 0.0            | 0.2891    | 
511     | 0.0            | 0.289     | 
512     | 0.0            | 0.2892    | 
513     | 0.0            | 0.2891    | 
514     | 0.0            | 0.2891    | 
515     | 0.0            | 0.2891    | 
516     | 0.0            | 0.289     | 
517     | 0.0            | 0.2888    | 
518     | 0.0            | 0.2886    | 
519     | 0.0            | 0.2886    | 
520     | 0.0            | 0.2885    | 
521     | 0.0            | 0.2884    | 
522     | 0.0            | 0.2883    | 
523     | 0.0            | 0.2882    | 
524     | 0.0            | 0.2881    | 
525     | 0.0            | 0.288     | 
526     | 0.0            | 0.288     | 
527     | 0.0            | 0.2878    | 
528     | 0.0            | 0.2876    | 
529     | 0.0            | 0.2874    | 
530     | 0.0            | 0.2873    | 
531     | 0.0            | 0.2866    | 
532     | 0.0            | 0.2854    | 
533     | 0.0            | 0.285     | 
534     | 0.0            | 0.2849    | 
535     | 0.0            | 0.2848    | 
536     | 0.0            | 0.2847    | 
537     | 0.0            | 0.2846    | 
538     | 0.0            | 0.2845    | 
539     | 0.0            | 0.2843    | 
540     | 0.0            | 0.2841    | 
541     | 0.0            | 0.2834    | 
542     | 0.0            | 0.2829    | 
543     | 0.0            | 0.2827    | 
544     | 0.0            | 0.2826    | 
545     | 0.0            | 0.2825    | 
546     | 0.0            | 0.2826    | 
547     | 0.0            | 0.2832    | 
548     | 0.0            | 0.283     | 
549     | 0.0            | 0.283     | 
550     | 0.0            | 0.2829    | 
551     | 0.0            | 0.2828    | 
552     | 0.0            | 0.2827    | 
553     | 0.0            | 0.2825    | 
554     | 0.0            | 0.2823    | 
555     | 0.0            | 0.282     | 
556     | 0.0            | 0.2819    | 
557     | 0.0            | 0.2817    | 
558     | 0.0            | 0.2817    | 
559     | 0.0            | 0.2817    | 
560     | 0.0            | 0.2816    | 
561     | 0.0            | 0.2815    | 
562     | 0.0            | 0.2814    | 
563     | 0.0            | 0.2814    | 
564     | 0.0            | 0.2812    | 
565     | 0.0            | 0.2811    | 
566     | 0.0            | 0.2809    | 
567     | 0.0            | 0.2809    | 
568     | 0.0            | 0.2807    | 
569     | 0.0            | 0.2807    | 
570     | 0.0            | 0.2806    | 
571     | 0.0            | 0.2807    | 
572     | 0.0            | 0.2806    | 
573     | 0.0            | 0.2805    | 
574     | 0.0            | 0.2804    | 
575     | 0.0            | 0.2801    | 
576     | 0.0            | 0.2799    | 
577     | 0.0            | 0.2799    | 
578     | 0.0            | 0.2798    | 
579     | 0.0            | 0.2797    | 
580     | 0.0            | 0.2796    | 
581     | 0.0            | 0.2795    | 
582     | 0.0            | 0.2795    | 
583     | 0.0            | 0.2794    | 
584     | 0.0            | 0.2793    | 
585     | 0.0            | 0.2792    | 
586     | 0.0            | 0.2791    | 
587     | 0.0            | 0.2791    | 
588     | 0.0            | 0.279     | 
589     | 0.0            | 0.279     | 
590     | 0.0            | 0.2789    | 
591     | 0.0            | 0.2789    | 
592     | 0.0            | 0.2787    | 
593     | 0.0            | 0.2786    | 
594     | 0.0            | 0.2786    | 
595     | 0.0            | 0.2785    | 
596     | 0.0            | 0.2778    | 
597     | 0.0            | 0.2777    | 
598     | 0.0            | 0.2775    | 
599     | 0.0            | 0.2772    | 
600     | 0.0            | 0.2772    | 
601     | 0.0            | 0.2769    | 
602     | 0.0            | 0.2769    | 
603     | 0.0            | 0.2768    | 
604     | 0.0            | 0.2767    | 
605     | 0.0            | 0.2763    | 
606     | 0.0            | 0.2762    | 
607     | 0.0            | 0.2762    | 
608     | 0.0            | 0.276     | 
609     | 0.0            | 0.2758    | 
610     | 0.0            | 0.2758    | 
611     | 0.0            | 0.2757    | 
612     | 0.0            | 0.2755    | 
613     | 0.0            | 0.2754    | 
614     | 0.0            | 0.2753    | 
615     | 0.0            | 0.2753    | 
616     | 0.0            | 0.2751    | 
617     | 0.0            | 0.2751    | 
618     | 0.0            | 0.2751    | 
619     | 0.0            | 0.2749    | 
620     | 0.0            | 0.2749    | 
621     | 0.0            | 0.2748    | 
622     | 0.0            | 0.2747    | 
623     | 0.0            | 0.2747    | 
624     | 0.0            | 0.2747    | 
625     | 0.0            | 0.2747    | 
626     | 0.0            | 0.2741    | 
627     | 0.0            | 0.274     | 
628     | 0.0            | 0.2739    | 
629     | 0.0            | 0.2739    | 
630     | 0.0            | 0.2738    | 
631     | 0.0            | 0.2738    | 
632     | 0.0            | 0.2738    | 
633     | 0.0            | 0.2737    | 
634     | 0.0            | 0.2739    | 
635     | 0.0            | 0.2738    | 
636     | 0.0            | 0.2737    | 
637     | 0.0            | 0.2736    | 
638     | 0.0            | 0.2736    | 
639     | 0.0            | 0.2736    | 
640     | 0.0            | 0.2735    | 
641     | 0.0            | 0.2734    | 
642     | 0.0            | 0.2733    | 
643     | 0.0            | 0.2732    | 
644     | 0.0            | 0.2736    | 
645     | 0.0            | 0.2733    | 
646     | 0.0            | 0.2733    | 
647     | 0.0            | 0.2733    | 
648     | 0.0            | 0.2733    | 
649     | 0.0            | 0.2732    | 
650     | 0.0            | 0.2732    | 
651     | 0.0            | 0.2733    | 
652     | 0.0            | 0.2729    | 
653     | 0.0            | 0.2729    | 
654     | 0.0            | 0.2728    | 
655     | 0.0            | 0.2726    | 
656     | 0.0            | 0.2726    | 
657     | 0.0            | 0.2726    | 
658     | 0.0            | 0.2725    | 
659     | 0.0            | 0.2724    | 
660     | 0.0            | 0.2724    | 
661     | 0.0            | 0.2723    | 
662     | 0.0            | 0.2722    | 
663     | 0.0            | 0.272     | 
664     | 0.0            | 0.272     | 
665     | 0.0            | 0.2719    | 
666     | 0.0            | 0.2719    | 
667     | 0.0            | 0.2717    | 
668     | 0.0            | 0.2717    | 
669     | 0.0            | 0.2717    | 
670     | 0.0            | 0.2715    | 
671     | 0.0            | 0.2714    | 
672     | 0.0            | 0.2713    | 
673     | 0.0            | 0.2713    | 
674     | 0.0            | 0.2712    | 
675     | 0.0            | 0.2712    | 
676     | 0.0            | 0.2711    | 
677     | 0.0            | 0.271     | 
678     | 0.0            | 0.2709    | 
679     | 0.0            | 0.2707    | 
680     | 0.0            | 0.2705    | 
681     | 0.0            | 0.2705    | 
682     | 0.0            | 0.2705    | 
683     | 0.0            | 0.2704    | 
684     | 0.0            | 0.2708    | 
685     | 0.0            | 0.2707    | 
686     | 0.0            | 0.2707    | 
687     | 0.0            | 0.2706    | 
688     | 0.0            | 0.2705    | 
689     | 0.0            | 0.2704    | 
690     | 0.0            | 0.2703    | 
691     | 0.0            | 0.2701    | 
692     | 0.0            | 0.2699    | 
693     | 0.0            | 0.27      | 
694     | 0.0            | 0.2709    | 
695     | 0.0            | 0.2709    | 
696     | 0.0            | 0.2708    | 
697     | 0.0            | 0.2714    | 
698     | 0.0            | 0.2714    | 
699     | 0.0            | 0.2714    | 
700     | 0.0            | 0.2713    | 
701     | 0.0            | 0.2712    | 
702     | 0.0            | 0.2712    | 
703     | 0.0            | 0.2712    | 
704     | 0.0            | 0.2711    | 
705     | 0.0            | 0.271     | 
706     | 0.0            | 0.271     | 
707     | 0.0            | 0.2709    | 
708     | 0.0            | 0.2708    | 
709     | 0.0            | 0.2707    | 
710     | 0.0            | 0.2707    | 
711     | 0.0            | 0.2706    | 
712     | 0.0            | 0.2706    | 
713     | 0.0            | 0.2705    | 
714     | 0.0            | 0.2704    | 
715     | 0.0            | 0.2704    | 
716     | 0.0            | 0.2704    | 
717     | 0.0            | 0.2701    | 
718     | 0.0            | 0.2701    | 
719     | 0.0            | 0.27      | 
720     | 0.0            | 0.2698    | 
721     | 0.0            | 0.2698    | 
722     | 0.0            | 0.2695    | 
723     | 0.0            | 0.2695    | 
724     | 0.0            | 0.2693    | 
725     | 0.0            | 0.2691    | 
726     | 0.0            | 0.2691    | 
727     | 0.0            | 0.269     | 
728     | 0.0            | 0.2689    | 
729     | 0.0            | 0.2688    | 
730     | 0.0            | 0.2688    | 
731     | 0.0            | 0.2687    | 
732     | 0.0            | 0.2687    | 
733     | 0.0            | 0.2687    | 
734     | 0.0            | 0.2686    | 
735     | 0.0            | 0.2685    | 
736     | 0.0            | 0.2684    | 
737     | 0.0            | 0.2682    | 
738     | 0.0            | 0.2682    | 
739     | 0.0            | 0.2681    | 
740     | 0.0            | 0.2681    | 
741     | 0.0            | 0.2684    | 
742     | 0.0            | 0.2683    | 
743     | 0.0            | 0.2683    | 
744     | 0.0            | 0.2682    | 
745     | 0.0            | 0.2682    | 
746     | 0.0            | 0.2681    | 
747     | 0.0            | 0.2682    | 
748     | 0.0            | 0.2682    | 
749     | 0.0            | 0.2681    | 
750     | 0.0            | 0.268     | 
751     | 0.0            | 0.2679    | 
752     | 0.0            | 0.2678    | 
753     | 0.0            | 0.2678    | 
754     | 0.0            | 0.2677    | 
755     | 0.0            | 0.2677    | 
756     | 0.0            | 0.2675    | 
757     | 0.0            | 0.2674    | 
758     | 0.0            | 0.2675    | 
759     | 0.0            | 0.2675    | 
760     | 0.0            | 0.2674    | 
761     | 0.0            | 0.2674    | 
762     | 0.0            | 0.2673    | 
763     | 0.0            | 0.2673    | 
764     | 0.0            | 0.2672    | 
765     | 0.0            | 0.2672    | 
766     | 0.0            | 0.2672    | 
767     | 0.0            | 0.2671    | 
768     | 0.0            | 0.2672    | 
769     | 0.0            | 0.2672    | 
770     | 0.0            | 0.2672    | 
771     | 0.0            | 0.2672    | 
772     | 0.0            | 0.267     | 
773     | 0.0            | 0.267     | 
774     | 0.0            | 0.267     | 
775     | 0.0            | 0.267     | 
776     | 0.0            | 0.2669    | 
777     | 0.0            | 0.2669    | 
778     | 0.0            | 0.2668    | 
779     | 0.0            | 0.2667    | 
780     | 0.0            | 0.2667    | 
781     | 0.0            | 0.2667    | 
782     | 0.0            | 0.2667    | 
783     | 0.0            | 0.2666    | 
784     | 0.0            | 0.2666    | 
785     | 0.0            | 0.2665    | 
786     | 0.0            | 0.2665    | 
787     | 0.0            | 0.2664    | 
788     | 0.0            | 0.2663    | 
789     | 0.0            | 0.2662    | 
790     | 0.0            | 0.2662    | 
791     | 0.0            | 0.2661    | 
792     | 0.0            | 0.2661    | 
793     | 0.0            | 0.266     | 
794     | 0.0            | 0.2659    | 
795     | 0.0            | 0.2659    | 
796     | 0.0            | 0.2658    | 
797     | 0.0            | 0.2657    | 
798     | 0.0            | 0.2658    | 
799     | 0.0            | 0.2659    | 
800     | 0.0            | 0.2659    | 
801     | 0.0            | 0.2659    | 
802     | 0.0            | 0.2658    | 
803     | 0.0            | 0.2658    | 
804     | 0.0            | 0.2658    | 
805     | 0.0            | 0.2657    | 
806     | 0.0            | 0.2656    | 
807     | 0.0            | 0.2656    | 
808     | 0.0            | 0.2655    | 
809     | 0.0            | 0.2655    | 
810     | 0.0            | 0.2654    | 
811     | 0.0            | 0.2653    | 
812     | 0.0            | 0.2653    | 
813     | 0.0            | 0.2653    | 
814     | 0.0            | 0.2652    | 
815     | 0.0            | 0.2652    | 
816     | 0.0            | 0.2651    | 
817     | 0.0            | 0.265     | 
818     | 0.0            | 0.2649    | 
819     | 0.0            | 0.2649    | 
820     | 0.0            | 0.2649    | 
821     | 0.0            | 0.2648    | 
822     | 0.0            | 0.2648    | 
823     | 0.0            | 0.2648    | 
824     | 0.0            | 0.2647    | 
825     | 0.0            | 0.2647    | 
826     | 0.0            | 0.2647    | 
827     | 0.0            | 0.2646    | 
828     | 0.0            | 0.264     | 
829     | 0.0            | 0.2639    | 
830     | 0.0            | 0.264     | 
831     | 0.0            | 0.264     | 
832     | 0.0            | 0.264     | 
833     | 0.0            | 0.264     | 
834     | 0.0            | 0.264     | 
835     | 0.0            | 0.2639    | 
836     | 0.0            | 0.2639    | 
837     | 0.0            | 0.2639    | 
838     | 0.0            | 0.2639    | 
839     | 0.0            | 0.2638    | 
840     | 0.0            | 0.2638    | 
841     | 0.0            | 0.2638    | 
842     | 0.0            | 0.2637    | 
843     | 0.0            | 0.2637    | 
844     | 0.0            | 0.2638    | 
845     | 0.0            | 0.2638    | 
846     | 0.0            | 0.2638    | 
847     | 0.0            | 0.2638    | 
848     | 0.0            | 0.2638    | 
849     | 0.0            | 0.2637    | 
850     | 0.0            | 0.2637    | 
851     | 0.0            | 0.2636    | 
852     | 0.0            | 0.2636    | 
853     | 0.0            | 0.2635    | 
854     | 0.0            | 0.2635    | 
855     | 0.0            | 0.2634    | 
856     | 0.0            | 0.2635    | 
857     | 0.0            | 0.2635    | 
858     | 0.0            | 0.2634    | 
859     | 0.0            | 0.2634    | 
860     | 0.0            | 0.2633    | 
861     | 0.0            | 0.2633    | 
862     | 0.0            | 0.2631    | 
863     | 0.0            | 0.2631    | 
864     | 0.0            | 0.2631    | 
865     | 0.0            | 0.263     | 
866     | 0.0            | 0.263     | 
867     | 0.0            | 0.263     | 
868     | 0.0            | 0.2629    | 
869     | 0.0            | 0.2629    | 
870     | 0.0            | 0.2629    | 
871     | 0.0            | 0.2628    | 
872     | 0.0            | 0.2628    | 
873     | 0.0            | 0.2628    | 
874     | 0.0            | 0.2627    | 
875     | 0.0            | 0.2627    | 
876     | 0.0            | 0.2631    | 
877     | 0.0            | 0.2631    | 
878     | 0.0            | 0.2631    | 
879     | 0.0            | 0.263     | 
880     | 0.0            | 0.2632    | 
881     | 0.0            | 0.2631    | 
882     | 0.0            | 0.2631    | 
883     | 0.0            | 0.263     | 
884     | 0.0            | 0.263     | 
885     | 0.0            | 0.263     | 
886     | 0.0            | 0.263     | 
887     | 0.0            | 0.263     | 
888     | 0.0            | 0.2629    | 
889     | 0.0            | 0.2629    | 
890     | 0.0            | 0.2628    | 
891     | 0.0            | 0.2627    | 
892     | 0.0            | 0.2627    | 
893     | 0.0            | 0.2628    | 
894     | 0.0            | 0.2626    | 
895     | 0.0            | 0.2625    | 
896     | 0.0            | 0.2627    | 
897     | 0.0            | 0.2626    | 
898     | 0.0            | 0.2626    | 
899     | 0.0            | 0.2625    | 
900     | 0.0            | 0.2623    | 
901     | 0.0            | 0.2622    | 
902     | 0.0            | 0.2623    | 
903     | 0.0            | 0.2623    | 
904     | 0.0            | 0.2623    | 
905     | 0.0            | 0.2622    | 
906     | 0.0            | 0.2622    | 
907     | 0.0            | 0.2622    | 
908     | 0.0            | 0.2623    | 
909     | 0.0            | 0.2622    | 
910     | 0.0            | 0.2621    | 
911     | 0.0            | 0.2621    | 
912     | 0.0            | 0.262     | 
913     | 0.0            | 0.2612    | 
914     | 0.0            | 0.2615    | 
915     | 0.0            | 0.2613    | 
916     | 0.0            | 0.2613    | 
917     | 0.0            | 0.2617    | 
918     | 0.0            | 0.2617    | 
919     | 0.0            | 0.2603    | 
920     | 0.0            | 0.2611    | 
921     | 0.0            | 0.2604    | 
922     | 0.0            | 0.2605    | 
923     | 0.0            | 0.2619    | 
924     | 0.0            | 0.2604    | 
925     | 0.0            | 0.2602    | 
926     | 0.0            | 0.2609    | 
927     | 0.0            | 0.2611    | 
928     | 0.0            | 0.2604    | 
929     | 0.0            | 0.2609    | 
930     | 0.0            | 0.2603    | 
931     | 0.0            | 0.2604    | 
932     | 0.0            | 0.2602    | 
933     | 0.0            | 0.2601    | 
934     | 0.0            | 0.2618    | 
935     | 0.0            | 0.2604    | 
936     | 0.0            | 0.2601    | 
937     | 0.0            | 0.2601    | 
938     | 0.0            | 0.2602    | 
939     | 0.0            | 0.2595    | 
940     | 0.0            | 0.2595    | 
941     | 0.0            | 0.2603    | 
942     | 0.0            | 0.2604    | 
943     | 0.0            | 0.2594    | 
944     | 0.0            | 0.2597    | 
945     | 0.0            | 0.2595    | 
946     | 0.0            | 0.2601    | 
947     | 0.0            | 0.2598    | 
948     | 0.0            | 0.2587    | 
949     | 0.0            | 0.2595    | 
950     | 0.0            | 0.2598    | 
951     | 0.0            | 0.2592    | 
952     | 0.0            | 0.2591    | 
953     | 0.0            | 0.2588    | 
954     | 0.0            | 0.2589    | 
955     | 0.0            | 0.2595    | 
956     | 0.0            | 0.259     | 
957     | 0.0            | 0.26      | 
958     | 0.0            | 0.2599    | 
959     | 0.0            | 0.2594    | 
960     | 0.0            | 0.2605    | 
961     | 0.0            | 0.2605    | 
962     | 0.0            | 0.2597    | 
963     | 0.0            | 0.2571    | 
964     | 0.0            | 0.2553    | 
965     | 0.0            | 0.2556    | 
966     | 0.0            | 0.2553    | 
967     | 0.0            | 0.2524    | 
968     | 0.0            | 0.2519    | 
969     | 0.0            | 0.2525    | 
970     | 0.0            | 0.2527    | 
971     | 0.0            | 0.2521    | 
972     | 0.0            | 0.2504    | 
973     | 0.0            | 0.2508    | 
974     | 0.0            | 0.2516    | 
975     | 0.0            | 0.2517    | 
976     | 0.0            | 0.2525    | 
977     | 0.0            | 0.2511    | 
978     | 0.0            | 0.2493    | 
979     | 0.0            | 0.2486    | 
980     | 0.0            | 0.2474    | 
981     | 0.0            | 0.249     | 
982     | 0.0            | 0.2494    | 
983     | 0.0            | 0.2471    | 
984     | 0.0            | 0.2475    | 
985     | 0.0            | 0.248     | 
986     | 0.0            | 0.2468    | 
987     | 0.0            | 0.2475    | 
988     | 0.0            | 0.2481    | 
989     | 0.0            | 0.2482    | 
990     | 0.0            | 0.2485    | 
991     | 0.0            | 0.2488    | 
992     | 0.0            | 0.2486    | 
993     | 0.0            | 0.247     | 
994     | 0.0            | 0.2459    | 
995     | 0.0            | 0.2457    | 
996     | 0.0            | 0.2451    | 
997     | 0.0            | 0.2468    | 
998     | 0.0            | 0.2461    | 
999     | 0.0            | 0.2461    | 
1000    | 0.0            | 0.246     | 
1001    | 0.0            | 0.246     | 
1002    | 0.0            | 0.2458    | 
1003    | 0.0            | 0.2462    | 
1004    | 0.0            | 0.2457    | 
1005    | 0.0            | 0.2463    | 
1006    | 0.0            | 0.2452    | 
1007    | 0.0            | 0.2458    | 
1008    | 0.0            | 0.244     | 
1009    | 0.0            | 0.2441    | 
1010    | 0.0            | 0.2431    | 
1011    | 0.0            | 0.2431    | 
1012    | 0.0            | 0.2437    | 
1013    | 0.0            | 0.2418    | 
1014    | 0.0            | 0.2428    | 
1015    | 0.0            | 0.2435    | 
1016    | 0.0            | 0.2454    | 
1017    | 0.0            | 0.2436    | 
1018    | 0.0            | 0.2433    | 
1019    | 0.0            | 0.2428    | 
1020    | 0.0            | 0.2429    | 
1021    | 0.0            | 0.2453    | 
1022    | 0.0            | 0.2435    | 
1023    | 0.0            | 0.2443    | 
1024    | 0.0            | 0.2446    | 
1025    | 0.0            | 0.2449    | 
1026    | 0.0            | 0.2452    | 
1027    | 0.0            | 0.2425    | 
1028    | 0.0            | 0.2415    | 
1029    | 0.0            | 0.2392    | 
1030    | 0.0            | 0.2365    | 
1031    | 0.0            | 0.2355    | 
1032    | 0.0            | 0.2366    | 
1033    | 0.0            | 0.2348    | 
1034    | 0.0            | 0.2357    | 
1035    | 0.0            | 0.2344    | 
1036    | 0.0            | 0.2357    | 
1037    | 0.0            | 0.2359    | 
1038    | 0.0            | 0.2371    | 
1039    | 0.0            | 0.2372    | 
1040    | 0.0            | 0.2391    | 
1041    | 0.0            | 0.2387    | 
1042    | 0.0            | 0.2394    | 
1043    | 0.0            | 0.2395    | 
1044    | 0.0            | 0.2389    | 
1045    | 0.0            | 0.2372    | 
1046    | 0.0            | 0.2377    | 
1047    | 0.0            | 0.2371    | 
1048    | 0.0            | 0.2363    | 
1049    | 0.0            | 0.236     | 
1050    | 0.0            | 0.2367    | 
1051    | 0.0            | 0.2365    | 
1052    | 0.0            | 0.2363    | 
1053    | 0.0            | 0.2377    | 
1054    | 0.0            | 0.2394    | 
1055    | 0.0            | 0.24      | 
1056    | 0.0            | 0.241     | 
1057    | 0.0            | 0.2386    | 
1058    | 0.0            | 0.2384    | 
1059    | 0.0            | 0.2395    | 
1060    | 0.0            | 0.2395    | 
1061    | 0.0            | 0.2385    | 
1062    | 0.0            | 0.2377    | 
1063    | 0.0            | 0.2381    | 
1064    | 0.0            | 0.2379    | 
1065    | 0.0            | 0.2374    | 
1066    | 0.0            | 0.2376    | 
1067    | 0.0            | 0.2359    | 
1068    | 0.0            | 0.2363    | 
1069    | 0.0            | 0.2352    | 
1070    | 0.0            | 0.2347    | 
1071    | 0.0            | 0.2344    | 
1072    | 0.0            | 0.2331    | 
1073    | 0.0            | 0.2328    | 
1074    | 0.0            | 0.2326    | 
1075    | 0.0            | 0.2323    | 
1076    | 0.0            | 0.232     | 
1077    | 0.0            | 0.2319    | 
1078    | 0.0            | 0.2315    | 
1079    | 0.0            | 0.2314    | 
1080    | 0.0            | 0.2317    | 
1081    | 0.0            | 0.2313    | 
1082    | 0.0            | 0.2319    | 
1083    | 0.0            | 0.232     | 
1084    | 0.0            | 0.2321    | 
1085    | 0.0            | 0.2321    | 
1086    | 0.0            | 0.2317    | 
1087    | 0.0            | 0.2311    | 
1088    | 0.0            | 0.2304    | 
1089    | 0.0            | 0.2302    | 
1090    | 0.0            | 0.2299    | 
1091    | 0.0            | 0.2296    | 
1092    | 0.0            | 0.2296    | 
1093    | 0.0            | 0.2292    | 
1094    | 0.0            | 0.231     | 
1095    | 0.0            | 0.2306    | 
1096    | 0.0            | 0.2306    | 
1097    | 0.0            | 0.2301    | 
1098    | 0.0            | 0.2298    | 
1099    | 0.0            | 0.23      | 
1100    | 0.0            | 0.2299    | 
1101    | 0.0            | 0.2296    | 
1102    | 0.0            | 0.2295    | 
1103    | 0.0            | 0.2299    | 
1104    | 0.0            | 0.2297    | 
1105    | 0.0            | 0.2296    | 
1106    | 0.0            | 0.2297    | 
1107    | 0.0            | 0.2292    | 
1108    | 0.0            | 0.2294    | 
1109    | 0.0            | 0.2292    | 
1110    | 0.0            | 0.2292    | 
1111    | 0.0            | 0.2295    | 
1112    | 0.0            | 0.2295    | 
1113    | 0.0            | 0.2294    | 
1114    | 0.0            | 0.2298    | 
1115    | 0.0            | 0.2298    | 
1116    | 0.0            | 0.2299    | 
1117    | 0.0            | 0.2297    | 
1118    | 0.0            | 0.2301    | 
1119    | 0.0            | 0.2299    | 
1120    | 0.0            | 0.2299    | 
1121    | 0.0            | 0.2299    | 
1122    | 0.0            | 0.2297    | 
1123    | 0.0            | 0.2297    | 
1124    | 0.0            | 0.2299    | 
1125    | 0.0            | 0.2296    | 
1126    | 0.0            | 0.2291    | 
1127    | 0.0            | 0.2284    | 
1128    | 0.0            | 0.2297    | 
1129    | 0.0            | 0.2304    | 
1130    | 0.0            | 0.231     | 
1131    | 0.0            | 0.2313    | 
1132    | 0.0            | 0.2312    | 
1133    | 0.0            | 0.231     | 
1134    | 0.0            | 0.2306    | 
1135    | 0.0            | 0.2299    | 
1136    | 0.0            | 0.2307    | 
1137    | 0.0            | 0.2304    | 
1138    | 0.0            | 0.2292    | 
1139    | 0.0            | 0.229     | 
1140    | 0.0            | 0.2288    | 
1141    | 0.0            | 0.2286    | 
1142    | 0.0            | 0.2283    | 
1143    | 0.0            | 0.2277    | 
1144    | 0.0            | 0.2275    | 
1145    | 0.0            | 0.2277    | 
1146    | 0.0            | 0.2275    | 
1147    | 0.0            | 0.2272    | 
1148    | 0.0            | 0.2272    | 
1149    | 0.0            | 0.2272    | 
1150    | 0.0            | 0.2269    | 
1151    | 0.0            | 0.2267    | 
1152    | 0.0            | 0.2267    | 
1153    | 0.0            | 0.2271    | 
1154    | 0.0            | 0.2272    | 
1155    | 0.0            | 0.227     | 
1156    | 0.0            | 0.2269    | 
1157    | 0.0            | 0.2271    | 
1158    | 0.0            | 0.2271    | 
1159    | 0.0            | 0.2274    | 
1160    | 0.0            | 0.2269    | 
1161    | 0.0            | 0.2274    | 
1162    | 0.0            | 0.2271    | 
1163    | 0.0            | 0.2273    | 
1164    | 0.0            | 0.2271    | 
1165    | 0.0            | 0.2271    | 
1166    | 0.0            | 0.2274    | 
1167    | 0.0            | 0.2273    | 
1168    | 0.0            | 0.2271    | 
1169    | 0.0            | 0.2269    | 
1170    | 0.0            | 0.2268    | 
1171    | 0.0            | 0.2266    | 
1172    | 0.0            | 0.2262    | 
1173    | 0.0            | 0.2259    | 
1174    | 0.0            | 0.2261    | 
1175    | 0.0            | 0.2261    | 
1176    | 0.0            | 0.2262    | 
1177    | 0.0            | 0.2256    | 
1178    | 0.0            | 0.2253    | 
1179    | 0.0            | 0.2252    | 
1180    | 0.0            | 0.2242    | 
1181    | 0.0            | 0.2238    | 
1182    | 0.0            | 0.2235    | 
1183    | 0.0            | 0.2232    | 
1184    | 0.0            | 0.2232    | 
1185    | 0.0            | 0.2229    | 
1186    | 0.0            | 0.2233    | 
1187    | 0.0            | 0.2232    | 
1188    | 0.0            | 0.2232    | 
1189    | 0.0            | 0.2228    | 
1190    | 0.0            | 0.2225    | 
1191    | 0.0            | 0.2224    | 
1192    | 0.0            | 0.2225    | 
1193    | 0.0            | 0.2223    | 
1194    | 0.0            | 0.2221    | 
1195    | 0.0            | 0.222     | 
1196    | 0.0            | 0.222     | 
1197    | 0.0            | 0.2236    | 
1198    | 0.0            | 0.2235    | 
1199    | 0.0            | 0.2234    | 
1200    | 0.0            | 0.2231    | 
1201    | 0.0            | 0.2231    | 
1202    | 0.0            | 0.2233    | 
1203    | 0.0            | 0.2233    | 
1204    | 0.0            | 0.2229    | 
1205    | 0.0            | 0.2229    | 
1206    | 0.0            | 0.2231    | 
1207    | 0.0            | 0.2231    | 
1208    | 0.0            | 0.2228    | 
1209    | 0.0            | 0.2226    | 
1210    | 0.0            | 0.2226    | 
1211    | 0.0            | 0.2226    | 
1212    | 0.0            | 0.2227    | 
1213    | 0.0            | 0.2225    | 
1214    | 0.0            | 0.2224    | 
1215    | 0.0            | 0.2222    | 
1216    | 0.0            | 0.2224    | 
1217    | 0.0            | 0.2221    | 
1218    | 0.0            | 0.2222    | 
1219    | 0.0            | 0.2222    | 
1220    | 0.0            | 0.2221    | 
1221    | 0.0            | 0.222     | 
1222    | 0.0            | 0.222     | 
1223    | 0.0            | 0.2218    | 
1224    | 0.0            | 0.2218    | 
1225    | 0.0            | 0.2218    | 
1226    | 0.0            | 0.2216    | 
1227    | 0.0            | 0.2215    | 
1228    | 0.0            | 0.2214    | 
1229    | 0.0            | 0.2212    | 
1230    | 0.0            | 0.221     | 
1231    | 0.0            | 0.2211    | 
1232    | 0.0            | 0.221     | 
1233    | 0.0            | 0.2209    | 
1234    | 0.0            | 0.2208    | 
1235    | 0.0            | 0.2207    | 
1236    | 0.0            | 0.2207    | 
1237    | 0.0            | 0.2207    | 
1238    | 0.0            | 0.2209    | 
1239    | 0.0            | 0.2208    | 
1240    | 0.0            | 0.2208    | 
1241    | 0.0            | 0.2205    | 
1242    | 0.0            | 0.2201    | 
1243    | 0.0            | 0.22      | 
1244    | 0.0            | 0.2195    | 
1245    | 0.0            | 0.2191    | 
1246    | 0.0            | 0.2191    | 
1247    | 0.0            | 0.219     | 
1248    | 0.0            | 0.2195    | 
1249    | 0.0            | 0.2195    | 
1250    | 0.0            | 0.2192    | 
1251    | 0.0            | 0.219     | 
1252    | 0.0            | 0.2189    | 
1253    | 0.0            | 0.2197    | 
1254    | 0.0            | 0.2198    | 
1255    | 0.0            | 0.2202    | 
1256    | 0.0            | 0.2202    | 
1257    | 0.0            | 0.2207    | 
1258    | 0.0            | 0.2209    | 
1259    | 0.0            | 0.2208    | 
1260    | 0.0            | 0.2209    | 
1261    | 0.0            | 0.221     | 
1262    | 0.0            | 0.221     | 
1263    | 0.0            | 0.2213    | 
1264    | 0.0            | 0.2211    | 
1265    | 0.0            | 0.2211    | 
1266    | 0.0            | 0.2213    | 
1267    | 0.0            | 0.2214    | 
1268    | 0.0            | 0.2215    | 
1269    | 0.0            | 0.2215    | 
1270    | 0.0            | 0.2214    | 
1271    | 0.0            | 0.2213    | 
1272    | 0.0            | 0.2211    | 
1273    | 0.0            | 0.221     | 
1274    | 0.0            | 0.2208    | 
1275    | 0.0            | 0.221     | 
1276    | 0.0            | 0.2209    | 
1277    | 0.0            | 0.2214    | 
1278    | 0.0            | 0.2214    | 
1279    | 0.0            | 0.2214    | 
1280    | 0.0            | 0.2214    | 
1281    | 0.0            | 0.2223    | 
1282    | 0.0            | 0.2225    | 
1283    | 0.0            | 0.2224    | 
1284    | 0.0            | 0.2226    | 
1285    | 0.0            | 0.2226    | 
1286    | 0.0            | 0.2224    | 
1287    | 0.0            | 0.2223    | 
1288    | 0.0            | 0.2221    | 
1289    | 0.0            | 0.222     | 
1290    | 0.0            | 0.2206    | 
1291    | 0.0            | 0.2206    | 
1292    | 0.0            | 0.2206    | 
1293    | 0.0            | 0.2209    | 
1294    | 0.0            | 0.2211    | 
1295    | 0.0            | 0.2211    | 
1296    | 0.0            | 0.2213    | 
1297    | 0.0            | 0.2218    | 
1298    | 0.0            | 0.2218    | 
1299    | 0.0            | 0.2217    | 
1300    | 0.0            | 0.2217    | 
1301    | 0.0            | 0.2217    | 
1302    | 0.0            | 0.2216    | 
1303    | 0.0            | 0.2215    | 
1304    | 0.0            | 0.2215    | 
1305    | 0.0            | 0.2215    | 
1306    | 0.0            | 0.2214    | 
1307    | 0.0            | 0.2213    | 
1308    | 0.0            | 0.2211    | 
1309    | 0.0            | 0.221     | 
1310    | 0.0            | 0.221     | 
1311    | 0.0            | 0.221     | 
1312    | 0.0            | 0.2211    | 
1313    | 0.0            | 0.2211    | 
1314    | 0.0            | 0.2209    | 
1315    | 0.0            | 0.2208    | 
1316    | 0.0            | 0.2208    | 
1317    | 0.0            | 0.2207    | 
1318    | 0.0            | 0.2207    | 
1319    | 0.0            | 0.2206    | 
1320    | 0.0            | 0.2205    | 
1321    | 0.0            | 0.2206    | 
1322    | 0.0            | 0.2205    | 
1323    | 0.0            | 0.2204    | 
1324    | 0.0            | 0.2204    | 
1325    | 0.0            | 0.2203    | 
1326    | 0.0            | 0.2203    | 
1327    | 0.0            | 0.2202    | 
1328    | 0.0            | 0.2203    | 
1329    | 0.0            | 0.2203    | 
1330    | 0.0            | 0.2203    | 
1331    | 0.0            | 0.2203    | 
1332    | 0.0            | 0.2202    | 
1333    | 0.0            | 0.2201    | 
1334    | 0.0            | 0.2203    | 
1335    | 0.0            | 0.2203    | 
1336    | 0.0            | 0.22      | 
1337    | 0.0            | 0.2201    | 
1338    | 0.0            | 0.22      | 
1339    | 0.0            | 0.2201    | 
1340    | 0.0            | 0.22      | 
1341    | 0.0            | 0.22      | 
1342    | 0.0            | 0.2199    | 
1343    | 0.0            | 0.22      | 
1344    | 0.0            | 0.2201    | 
1345    | 0.0            | 0.22      | 
1346    | 0.0            | 0.2201    | 
1347    | 0.0            | 0.2201    | 
1348    | 0.0            | 0.22      | 
1349    | 0.0            | 0.2199    | 
1350    | 0.0            | 0.2199    | 
1351    | 0.0            | 0.2198    | 
1352    | 0.0            | 0.2197    | 
1353    | 0.0            | 0.2198    | 
1354    | 0.0            | 0.2199    | 
1355    | 0.0            | 0.22      | 
1356    | 0.0            | 0.2199    | 
1357    | 0.0            | 0.2199    | 
1358    | 0.0            | 0.2199    | 
1359    | 0.0            | 0.2199    | 
1360    | 0.0            | 0.2199    | 
1361    | 0.0            | 0.2198    | 
1362    | 0.0            | 0.2196    | 
1363    | 0.0            | 0.2195    | 
1364    | 0.0            | 0.2192    | 
1365    | 0.0            | 0.2192    | 
1366    | 0.0            | 0.2191    | 
1367    | 0.0            | 0.2191    | 
1368    | 0.0            | 0.2191    | 
1369    | 0.0            | 0.2189    | 
1370    | 0.0            | 0.2189    | 
1371    | 0.0            | 0.2188    | 
1372    | 0.0            | 0.2187    | 
1373    | 0.0            | 0.2188    | 
1374    | 0.0            | 0.2187    | 
1375    | 0.0            | 0.2187    | 
1376    | 0.0            | 0.2187    | 
1377    | 0.0            | 0.2187    | 
1378    | 0.0            | 0.2185    | 
1379    | 0.0            | 0.2184    | 
1380    | 0.0            | 0.2186    | 
1381    | 0.0            | 0.2186    | 
1382    | 0.0            | 0.2186    | 
1383    | 0.0            | 0.2184    | 
1384    | 0.0            | 0.2183    | 
1385    | 0.0            | 0.2184    | 
1386    | 0.0            | 0.2184    | 
1387    | 0.0            | 0.2183    | 
1388    | 0.0            | 0.2179    | 
1389    | 0.0            | 0.2179    | 
1390    | 0.0            | 0.218     | 
1391    | 0.0            | 0.218     | 
1392    | 0.0            | 0.2181    | 
1393    | 0.0            | 0.2181    | 
1394    | 0.0            | 0.2181    | 
1395    | 0.0            | 0.2181    | 
1396    | 0.0            | 0.218     | 
1397    | 0.0            | 0.218     | 
1398    | 0.0            | 0.2179    | 
1399    | 0.0            | 0.2177    | 
1400    | 0.0            | 0.2177    | 
1401    | 0.0            | 0.2177    | 
1402    | 0.0            | 0.2177    | 
1403    | 0.0            | 0.2174    | 
1404    | 0.0            | 0.2172    | 
1405    | 0.0            | 0.2172    | 
1406    | 0.0            | 0.2173    | 
1407    | 0.0            | 0.2179    | 
1408    | 0.0            | 0.2182    | 
1409    | 0.0            | 0.2181    | 
1410    | 0.0            | 0.2182    | 
1411    | 0.0            | 0.2182    | 
1412    | 0.0            | 0.2182    | 
1413    | 0.0            | 0.2185    | 
1414    | 0.0            | 0.2185    | 
1415    | 0.0            | 0.2186    | 
1416    | 0.0            | 0.2184    | 
1417    | 0.0            | 0.2184    | 
1418    | 0.0            | 0.2184    | 
1419    | 0.0            | 0.2183    | 
1420    | 0.0            | 0.2182    | 
1421    | 0.0            | 0.2182    | 
1422    | 0.0            | 0.2181    | 
1423    | 0.0            | 0.2181    | 
1424    | 0.0            | 0.2185    | 
1425    | 0.0            | 0.2184    | 
1426    | 0.0            | 0.2185    | 
1427    | 0.0            | 0.2185    | 
1428    | 0.0            | 0.2185    | 
1429    | 0.0            | 0.2185    | 
1430    | 0.0            | 0.2185    | 
1431    | 0.0            | 0.2185    | 
1432    | 0.0            | 0.2185    | 
1433    | 0.0            | 0.2185    | 
1434    | 0.0            | 0.2185    | 
1435    | 0.0            | 0.2184    | 
1436    | 0.0            | 0.2186    | 
1437    | 0.0            | 0.2185    | 
1438    | 0.0            | 0.2183    | 
1439    | 0.0            | 0.2182    | 
1440    | 0.0            | 0.2181    | 
1441    | 0.0            | 0.2181    | 
1442    | 0.0            | 0.2177    | 
1443    | 0.0            | 0.2178    | 
1444    | 0.0            | 0.2178    | 
1445    | 0.0            | 0.2179    | 
1446    | 0.0            | 0.2177    | 
1447    | 0.0            | 0.2176    | 
1448    | 0.0            | 0.2176    | 
1449    | 0.0            | 0.2178    | 
1450    | 0.0            | 0.2179    | 
1451    | 0.0            | 0.2179    | 
1452    | 0.0            | 0.2178    | 
1453    | 0.0            | 0.2178    | 
1454    | 0.0            | 0.2178    | 
1455    | 0.0            | 0.2177    | 
1456    | 0.0            | 0.2177    | 
1457    | 0.0            | 0.2177    | 
1458    | 0.0            | 0.2176    | 
1459    | 0.0            | 0.2176    | 
1460    | 0.0            | 0.2176    | 
1461    | 0.0            | 0.2176    | 
1462    | 0.0            | 0.2179    | 
1463    | 0.0            | 0.2181    | 
1464    | 0.0            | 0.218     | 
1465    | 0.0            | 0.218     | 
1466    | 0.0            | 0.218     | 
1467    | 0.0            | 0.218     | 
1468    | 0.0            | 0.2179    | 
1469    | 0.0            | 0.2179    | 
1470    | 0.0            | 0.2179    | 
1471    | 0.0            | 0.218     | 
1472    | 0.0            | 0.2179    | 
1473    | 0.0            | 0.2179    | 
1474    | 0.0            | 0.2179    | 
1475    | 0.0            | 0.2179    | 
1476    | 0.0            | 0.2177    | 
1477    | 0.0            | 0.2177    | 
1478    | 0.0            | 0.2178    | 
1479    | 0.0            | 0.2177    | 
1480    | 0.0            | 0.2179    | 
1481    | 0.0            | 0.2179    | 
1482    | 0.0            | 0.218     | 
1483    | 0.0            | 0.218     | 
1484    | 0.0            | 0.2181    | 
1485    | 0.0            | 0.2181    | 
1486    | 0.0            | 0.2181    | 
1487    | 0.0            | 0.2181    | 
1488    | 0.0            | 0.218     | 
1489    | 0.0            | 0.218     | 
1490    | 0.0            | 0.2179    | 
1491    | 0.0            | 0.2178    | 
1492    | 0.0            | 0.2178    | 
1493    | 0.0            | 0.2177    | 
1494    | 0.0            | 0.2177    | 
1495    | 0.0            | 0.2177    | 
1496    | 0.0            | 0.2177    | 
1497    | 0.0            | 0.2177    | 
1498    | 0.0            | 0.2177    | 
1499    | 0.0            | 0.2177    | 
1500    | 0.0            | 0.2177    | 
--------------------------------------------------
Finished sucessfully.
MAP on training data: 0.2177
---------------------------------

Model saved to: EXP_DIR/output/Exp-2.3b.Model

Discard orig. features
Model file:	EXP_DIR/output/Exp-2.3b.Model
Feature normalization: No
Model:		ListNet

Reading feature file [EXP_DIR/output/Exp-2.3b.LtrTest]: 0... 
Reading feature file [EXP_DIR/output/Exp-2.3b.LtrTest]... [Done.]            
(12 ranked lists, 1200 entries read)

-- task_1:ranker: inRankFile --


-- task_3:reranker: ltr --


-- task_4:output: trec_eval --

Time:  22.1 secs
[2026-03-17 23:49:17] END QryEval EXP_DIR/params/Exp-2.3b.param (exit 0)

[2026-03-17 23:49:17] Running EXP_DIR/params/Exp-2.3c.param
[2026-03-17 23:49:17] BEGIN QryEval EXP_DIR/params/Exp-2.3c.param
[2026-03-17 23:49:17] COMMAND /opt/anaconda3/envs/11x42-26S-a/bin/python QryEval.py EXP_DIR/params/Exp-2.3c.param

Discard orig. features
Training data:	EXP_DIR/output/Exp-2.3c.LtrTrain
Feature vector representation: Dense.
Ranking method:	ListNet
Feature description file:	Unspecified. All features will be used.
Train metric:	MAP
Test metric:	MAP
Feature normalization: No
Model file: EXP_DIR/output/Exp-2.3c.Model

[+] ListNet's Parameters:
No. of epochs: 1500
Learning rate: 1.0E-5


Reading feature file [EXP_DIR/output/Exp-2.3c.LtrTrain]: 0... 
Reading feature file [EXP_DIR/output/Exp-2.3c.LtrTrain]... [Done.]            
(47 ranked lists, 9585 entries read)
Initializing... [Done]
-----------------------------------------
Training starts...
--------------------------------------------------
#epoch  | C.E. Loss      | MAP-T     | MAP-V     | 
--------------------------------------------------
1       | 0.0            | 0.2421    | 
2       | 0.0            | 0.2426    | 
3       | 0.0            | 0.2431    | 
4       | 0.0            | 0.2432    | 
5       | 0.0            | 0.2434    | 
6       | 0.0            | 0.2436    | 
7       | 0.0            | 0.2442    | 
8       | 0.0            | 0.2444    | 
9       | 0.0            | 0.2444    | 
10      | 0.0            | 0.2448    | 
11      | 0.0            | 0.2448    | 
12      | 0.0            | 0.2457    | 
13      | 0.0            | 0.2458    | 
14      | 0.0            | 0.246     | 
15      | 0.0            | 0.2464    | 
16      | 0.0            | 0.2473    | 
17      | 0.0            | 0.2473    | 
18      | 0.0            | 0.2484    | 
19      | 0.0            | 0.2485    | 
20      | 0.0            | 0.2487    | 
21      | 0.0            | 0.2488    | 
22      | 0.0            | 0.2489    | 
23      | 0.0            | 0.2493    | 
24      | 0.0            | 0.2497    | 
25      | 0.0            | 0.2498    | 
26      | 0.0            | 0.2503    | 
27      | 0.0            | 0.2505    | 
28      | 0.0            | 0.2504    | 
29      | 0.0            | 0.2505    | 
30      | 0.0            | 0.2507    | 
31      | 0.0            | 0.2513    | 
32      | 0.0            | 0.2516    | 
33      | 0.0            | 0.2517    | 
34      | 0.0            | 0.2518    | 
35      | 0.0            | 0.2518    | 
36      | 0.0            | 0.2519    | 
37      | 0.0            | 0.2518    | 
38      | 0.0            | 0.2519    | 
39      | 0.0            | 0.2518    | 
40      | 0.0            | 0.252     | 
41      | 0.0            | 0.252     | 
42      | 0.0            | 0.2523    | 
43      | 0.0            | 0.2525    | 
44      | 0.0            | 0.2526    | 
45      | 0.0            | 0.2529    | 
46      | 0.0            | 0.2532    | 
47      | 0.0            | 0.2534    | 
48      | 0.0            | 0.2536    | 
49      | 0.0            | 0.2536    | 
50      | 0.0            | 0.2541    | 
51      | 0.0            | 0.2545    | 
52      | 0.0            | 0.2548    | 
53      | 0.0            | 0.255     | 
54      | 0.0            | 0.2552    | 
55      | 0.0            | 0.2553    | 
56      | 0.0            | 0.2554    | 
57      | 0.0            | 0.2553    | 
58      | 0.0            | 0.2559    | 
59      | 0.0            | 0.2558    | 
60      | 0.0            | 0.2562    | 
61      | 0.0            | 0.2568    | 
62      | 0.0            | 0.2569    | 
63      | 0.0            | 0.257     | 
64      | 0.0            | 0.2573    | 
65      | 0.0            | 0.2574    | 
66      | 0.0            | 0.2576    | 
67      | 0.0            | 0.2578    | 
68      | 0.0            | 0.2581    | 
69      | 0.0            | 0.2584    | 
70      | 0.0            | 0.2586    | 
71      | 0.0            | 0.2588    | 
72      | 0.0            | 0.2589    | 
73      | 0.0            | 0.2591    | 
74      | 0.0            | 0.2594    | 
75      | 0.0            | 0.2595    | 
76      | 0.0            | 0.2598    | 
77      | 0.0            | 0.2598    | 
78      | 0.0            | 0.2603    | 
79      | 0.0            | 0.2606    | 
80      | 0.0            | 0.2609    | 
81      | 0.0            | 0.261     | 
82      | 0.0            | 0.2611    | 
83      | 0.0            | 0.2612    | 
84      | 0.0            | 0.2613    | 
85      | 0.0            | 0.2613    | 
86      | 0.0            | 0.2617    | 
87      | 0.0            | 0.2619    | 
88      | 0.0            | 0.2623    | 
89      | 0.0            | 0.2624    | 
90      | 0.0            | 0.2627    | 
91      | 0.0            | 0.2628    | 
92      | 0.0            | 0.263     | 
93      | 0.0            | 0.2633    | 
94      | 0.0            | 0.2636    | 
95      | 0.0            | 0.264     | 
96      | 0.0            | 0.2644    | 
97      | 0.0            | 0.2649    | 
98      | 0.0            | 0.2652    | 
99      | 0.0            | 0.2654    | 
100     | 0.0            | 0.2657    | 
101     | 0.0            | 0.2661    | 
102     | 0.0            | 0.2666    | 
103     | 0.0            | 0.2667    | 
104     | 0.0            | 0.2669    | 
105     | 0.0            | 0.2675    | 
106     | 0.0            | 0.2679    | 
107     | 0.0            | 0.2682    | 
108     | 0.0            | 0.2684    | 
109     | 0.0            | 0.2685    | 
110     | 0.0            | 0.2686    | 
111     | 0.0            | 0.2688    | 
112     | 0.0            | 0.269     | 
113     | 0.0            | 0.269     | 
114     | 0.0            | 0.2691    | 
115     | 0.0            | 0.269     | 
116     | 0.0            | 0.2692    | 
117     | 0.0            | 0.2698    | 
118     | 0.0            | 0.2702    | 
119     | 0.0            | 0.2703    | 
120     | 0.0            | 0.2705    | 
121     | 0.0            | 0.2707    | 
122     | 0.0            | 0.2709    | 
123     | 0.0            | 0.271     | 
124     | 0.0            | 0.2711    | 
125     | 0.0            | 0.2713    | 
126     | 0.0            | 0.2714    | 
127     | 0.0            | 0.2714    | 
128     | 0.0            | 0.2715    | 
129     | 0.0            | 0.2715    | 
130     | 0.0            | 0.2716    | 
131     | 0.0            | 0.2717    | 
132     | 0.0            | 0.2719    | 
133     | 0.0            | 0.272     | 
134     | 0.0            | 0.2722    | 
135     | 0.0            | 0.2724    | 
136     | 0.0            | 0.2726    | 
137     | 0.0            | 0.2724    | 
138     | 0.0            | 0.2727    | 
139     | 0.0            | 0.2729    | 
140     | 0.0            | 0.2731    | 
141     | 0.0            | 0.2732    | 
142     | 0.0            | 0.2732    | 
143     | 0.0            | 0.2734    | 
144     | 0.0            | 0.2735    | 
145     | 0.0            | 0.2736    | 
146     | 0.0            | 0.2734    | 
147     | 0.0            | 0.2735    | 
148     | 0.0            | 0.2734    | 
149     | 0.0            | 0.2735    | 
150     | 0.0            | 0.2737    | 
151     | 0.0            | 0.2739    | 
152     | 0.0            | 0.2741    | 
153     | 0.0            | 0.2743    | 
154     | 0.0            | 0.2744    | 
155     | 0.0            | 0.2742    | 
156     | 0.0            | 0.2745    | 
157     | 0.0            | 0.2745    | 
158     | 0.0            | 0.2746    | 
159     | 0.0            | 0.2747    | 
160     | 0.0            | 0.2749    | 
161     | 0.0            | 0.2748    | 
162     | 0.0            | 0.2752    | 
163     | 0.0            | 0.2753    | 
164     | 0.0            | 0.2753    | 
165     | 0.0            | 0.2753    | 
166     | 0.0            | 0.2754    | 
167     | 0.0            | 0.2756    | 
168     | 0.0            | 0.2759    | 
169     | 0.0            | 0.2757    | 
170     | 0.0            | 0.2758    | 
171     | 0.0            | 0.2759    | 
172     | 0.0            | 0.2761    | 
173     | 0.0            | 0.2763    | 
174     | 0.0            | 0.2762    | 
175     | 0.0            | 0.2764    | 
176     | 0.0            | 0.2764    | 
177     | 0.0            | 0.2764    | 
178     | 0.0            | 0.2765    | 
179     | 0.0            | 0.2765    | 
180     | 0.0            | 0.2772    | 
181     | 0.0            | 0.2772    | 
182     | 0.0            | 0.2773    | 
183     | 0.0            | 0.2773    | 
184     | 0.0            | 0.2775    | 
185     | 0.0            | 0.2777    | 
186     | 0.0            | 0.2777    | 
187     | 0.0            | 0.2777    | 
188     | 0.0            | 0.2778    | 
189     | 0.0            | 0.2779    | 
190     | 0.0            | 0.278     | 
191     | 0.0            | 0.2782    | 
192     | 0.0            | 0.2784    | 
193     | 0.0            | 0.2784    | 
194     | 0.0            | 0.2785    | 
195     | 0.0            | 0.2784    | 
196     | 0.0            | 0.2785    | 
197     | 0.0            | 0.2787    | 
198     | 0.0            | 0.2789    | 
199     | 0.0            | 0.2788    | 
200     | 0.0            | 0.2786    | 
201     | 0.0            | 0.2787    | 
202     | 0.0            | 0.2788    | 
203     | 0.0            | 0.279     | 
204     | 0.0            | 0.279     | 
205     | 0.0            | 0.2791    | 
206     | 0.0            | 0.2793    | 
207     | 0.0            | 0.2795    | 
208     | 0.0            | 0.2795    | 
209     | 0.0            | 0.2795    | 
210     | 0.0            | 0.2794    | 
211     | 0.0            | 0.2795    | 
212     | 0.0            | 0.2796    | 
213     | 0.0            | 0.2797    | 
214     | 0.0            | 0.28      | 
215     | 0.0            | 0.28      | 
216     | 0.0            | 0.2802    | 
217     | 0.0            | 0.2805    | 
218     | 0.0            | 0.2806    | 
219     | 0.0            | 0.2807    | 
220     | 0.0            | 0.2807    | 
221     | 0.0            | 0.2807    | 
222     | 0.0            | 0.2808    | 
223     | 0.0            | 0.2808    | 
224     | 0.0            | 0.2812    | 
225     | 0.0            | 0.2811    | 
226     | 0.0            | 0.2816    | 
227     | 0.0            | 0.2817    | 
228     | 0.0            | 0.2819    | 
229     | 0.0            | 0.2821    | 
230     | 0.0            | 0.2822    | 
231     | 0.0            | 0.2823    | 
232     | 0.0            | 0.2824    | 
233     | 0.0            | 0.2824    | 
234     | 0.0            | 0.2822    | 
235     | 0.0            | 0.2822    | 
236     | 0.0            | 0.2822    | 
237     | 0.0            | 0.2823    | 
238     | 0.0            | 0.2824    | 
239     | 0.0            | 0.2824    | 
240     | 0.0            | 0.2824    | 
241     | 0.0            | 0.2822    | 
242     | 0.0            | 0.2824    | 
243     | 0.0            | 0.2826    | 
244     | 0.0            | 0.2826    | 
245     | 0.0            | 0.2825    | 
246     | 0.0            | 0.2825    | 
247     | 0.0            | 0.2825    | 
248     | 0.0            | 0.2826    | 
249     | 0.0            | 0.2828    | 
250     | 0.0            | 0.2828    | 
251     | 0.0            | 0.2828    | 
252     | 0.0            | 0.2829    | 
253     | 0.0            | 0.283     | 
254     | 0.0            | 0.2831    | 
255     | 0.0            | 0.2829    | 
256     | 0.0            | 0.2829    | 
257     | 0.0            | 0.2829    | 
258     | 0.0            | 0.2829    | 
259     | 0.0            | 0.2831    | 
260     | 0.0            | 0.2829    | 
261     | 0.0            | 0.2829    | 
262     | 0.0            | 0.2829    | 
263     | 0.0            | 0.2831    | 
264     | 0.0            | 0.2831    | 
265     | 0.0            | 0.2831    | 
266     | 0.0            | 0.2831    | 
267     | 0.0            | 0.2831    | 
268     | 0.0            | 0.2831    | 
269     | 0.0            | 0.2831    | 
270     | 0.0            | 0.2831    | 
271     | 0.0            | 0.2832    | 
272     | 0.0            | 0.2832    | 
273     | 0.0            | 0.2832    | 
274     | 0.0            | 0.2831    | 
275     | 0.0            | 0.2832    | 
276     | 0.0            | 0.2832    | 
277     | 0.0            | 0.2831    | 
278     | 0.0            | 0.2831    | 
279     | 0.0            | 0.2831    | 
280     | 0.0            | 0.2832    | 
281     | 0.0            | 0.2831    | 
282     | 0.0            | 0.2831    | 
283     | 0.0            | 0.2831    | 
284     | 0.0            | 0.283     | 
285     | 0.0            | 0.2829    | 
286     | 0.0            | 0.2828    | 
287     | 0.0            | 0.2828    | 
288     | 0.0            | 0.2827    | 
289     | 0.0            | 0.2827    | 
290     | 0.0            | 0.2827    | 
291     | 0.0            | 0.2827    | 
292     | 0.0            | 0.2827    | 
293     | 0.0            | 0.2826    | 
294     | 0.0            | 0.2826    | 
295     | 0.0            | 0.2826    | 
296     | 0.0            | 0.2825    | 
297     | 0.0            | 0.2826    | 
298     | 0.0            | 0.2823    | 
299     | 0.0            | 0.2823    | 
300     | 0.0            | 0.2824    | 
301     | 0.0            | 0.2824    | 
302     | 0.0            | 0.2823    | 
303     | 0.0            | 0.2822    | 
304     | 0.0            | 0.2822    | 
305     | 0.0            | 0.2822    | 
306     | 0.0            | 0.2822    | 
307     | 0.0            | 0.2815    | 
308     | 0.0            | 0.2814    | 
309     | 0.0            | 0.2813    | 
310     | 0.0            | 0.2816    | 
311     | 0.0            | 0.2815    | 
312     | 0.0            | 0.2813    | 
313     | 0.0            | 0.2814    | 
314     | 0.0            | 0.2814    | 
315     | 0.0            | 0.2816    | 
316     | 0.0            | 0.2815    | 
317     | 0.0            | 0.2815    | 
318     | 0.0            | 0.2815    | 
319     | 0.0            | 0.2814    | 
320     | 0.0            | 0.282     | 
321     | 0.0            | 0.2824    | 
322     | 0.0            | 0.2823    | 
323     | 0.0            | 0.2825    | 
324     | 0.0            | 0.2824    | 
325     | 0.0            | 0.2824    | 
326     | 0.0            | 0.2824    | 
327     | 0.0            | 0.2823    | 
328     | 0.0            | 0.2822    | 
329     | 0.0            | 0.2825    | 
330     | 0.0            | 0.2824    | 
331     | 0.0            | 0.2824    | 
332     | 0.0            | 0.2825    | 
333     | 0.0            | 0.2827    | 
334     | 0.0            | 0.2827    | 
335     | 0.0            | 0.2826    | 
336     | 0.0            | 0.2826    | 
337     | 0.0            | 0.2826    | 
338     | 0.0            | 0.2831    | 
339     | 0.0            | 0.2838    | 
340     | 0.0            | 0.2837    | 
341     | 0.0            | 0.2837    | 
342     | 0.0            | 0.2836    | 
343     | 0.0            | 0.2836    | 
344     | 0.0            | 0.2835    | 
345     | 0.0            | 0.2833    | 
346     | 0.0            | 0.2833    | 
347     | 0.0            | 0.2833    | 
348     | 0.0            | 0.2833    | 
349     | 0.0            | 0.2834    | 
350     | 0.0            | 0.2834    | 
351     | 0.0            | 0.2834    | 
352     | 0.0            | 0.2834    | 
353     | 0.0            | 0.2831    | 
354     | 0.0            | 0.2831    | 
355     | 0.0            | 0.283     | 
356     | 0.0            | 0.2831    | 
357     | 0.0            | 0.2834    | 
358     | 0.0            | 0.2835    | 
359     | 0.0            | 0.2834    | 
360     | 0.0            | 0.2835    | 
361     | 0.0            | 0.2845    | 
362     | 0.0            | 0.2843    | 
363     | 0.0            | 0.2845    | 
364     | 0.0            | 0.2846    | 
365     | 0.0            | 0.2846    | 
366     | 0.0            | 0.2846    | 
367     | 0.0            | 0.2846    | 
368     | 0.0            | 0.2848    | 
369     | 0.0            | 0.2848    | 
370     | 0.0            | 0.2849    | 
371     | 0.0            | 0.2848    | 
372     | 0.0            | 0.2851    | 
373     | 0.0            | 0.2854    | 
374     | 0.0            | 0.2853    | 
375     | 0.0            | 0.2854    | 
376     | 0.0            | 0.2855    | 
377     | 0.0            | 0.2855    | 
378     | 0.0            | 0.2855    | 
379     | 0.0            | 0.2856    | 
380     | 0.0            | 0.2857    | 
381     | 0.0            | 0.2855    | 
382     | 0.0            | 0.2859    | 
383     | 0.0            | 0.2859    | 
384     | 0.0            | 0.2859    | 
385     | 0.0            | 0.286     | 
386     | 0.0            | 0.2855    | 
387     | 0.0            | 0.2854    | 
388     | 0.0            | 0.2853    | 
389     | 0.0            | 0.2853    | 
390     | 0.0            | 0.285     | 
391     | 0.0            | 0.2852    | 
392     | 0.0            | 0.2851    | 
393     | 0.0            | 0.2849    | 
394     | 0.0            | 0.2847    | 
395     | 0.0            | 0.2846    | 
396     | 0.0            | 0.2846    | 
397     | 0.0            | 0.2844    | 
398     | 0.0            | 0.2843    | 
399     | 0.0            | 0.2842    | 
400     | 0.0            | 0.2855    | 
401     | 0.0            | 0.2856    | 
402     | 0.0            | 0.2856    | 
403     | 0.0            | 0.2855    | 
404     | 0.0            | 0.2854    | 
405     | 0.0            | 0.2846    | 
406     | 0.0            | 0.2847    | 
407     | 0.0            | 0.2846    | 
408     | 0.0            | 0.2846    | 
409     | 0.0            | 0.2847    | 
410     | 0.0            | 0.2847    | 
411     | 0.0            | 0.2842    | 
412     | 0.0            | 0.2842    | 
413     | 0.0            | 0.2842    | 
414     | 0.0            | 0.2843    | 
415     | 0.0            | 0.2843    | 
416     | 0.0            | 0.2843    | 
417     | 0.0            | 0.2843    | 
418     | 0.0            | 0.2838    | 
419     | 0.0            | 0.2837    | 
420     | 0.0            | 0.2837    | 
421     | 0.0            | 0.2837    | 
422     | 0.0            | 0.2838    | 
423     | 0.0            | 0.2836    | 
424     | 0.0            | 0.2836    | 
425     | 0.0            | 0.2837    | 
426     | 0.0            | 0.2836    | 
427     | 0.0            | 0.2835    | 
428     | 0.0            | 0.2834    | 
429     | 0.0            | 0.2833    | 
430     | 0.0            | 0.2831    | 
431     | 0.0            | 0.283     | 
432     | 0.0            | 0.283     | 
433     | 0.0            | 0.283     | 
434     | 0.0            | 0.283     | 
435     | 0.0            | 0.2829    | 
436     | 0.0            | 0.2828    | 
437     | 0.0            | 0.2827    | 
438     | 0.0            | 0.2827    | 
439     | 0.0            | 0.2824    | 
440     | 0.0            | 0.2822    | 
441     | 0.0            | 0.2827    | 
442     | 0.0            | 0.2827    | 
443     | 0.0            | 0.2828    | 
444     | 0.0            | 0.2825    | 
445     | 0.0            | 0.2824    | 
446     | 0.0            | 0.2823    | 
447     | 0.0            | 0.2823    | 
448     | 0.0            | 0.2823    | 
449     | 0.0            | 0.2823    | 
450     | 0.0            | 0.2823    | 
451     | 0.0            | 0.2821    | 
452     | 0.0            | 0.2821    | 
453     | 0.0            | 0.2825    | 
454     | 0.0            | 0.2824    | 
455     | 0.0            | 0.2826    | 
456     | 0.0            | 0.2827    | 
457     | 0.0            | 0.2826    | 
458     | 0.0            | 0.2825    | 
459     | 0.0            | 0.2824    | 
460     | 0.0            | 0.2825    | 
461     | 0.0            | 0.2824    | 
462     | 0.0            | 0.2824    | 
463     | 0.0            | 0.2824    | 
464     | 0.0            | 0.2823    | 
465     | 0.0            | 0.2821    | 
466     | 0.0            | 0.282     | 
467     | 0.0            | 0.2819    | 
468     | 0.0            | 0.2819    | 
469     | 0.0            | 0.2818    | 
470     | 0.0            | 0.2815    | 
471     | 0.0            | 0.2816    | 
472     | 0.0            | 0.2819    | 
473     | 0.0            | 0.2835    | 
474     | 0.0            | 0.2834    | 
475     | 0.0            | 0.2835    | 
476     | 0.0            | 0.2834    | 
477     | 0.0            | 0.2871    | 
478     | 0.0            | 0.287     | 
479     | 0.0            | 0.287     | 
480     | 0.0            | 0.2864    | 
481     | 0.0            | 0.2862    | 
482     | 0.0            | 0.2861    | 
483     | 0.0            | 0.2859    | 
484     | 0.0            | 0.2857    | 
485     | 0.0            | 0.2856    | 
486     | 0.0            | 0.2854    | 
487     | 0.0            | 0.2853    | 
488     | 0.0            | 0.2836    | 
489     | 0.0            | 0.2838    | 
490     | 0.0            | 0.2837    | 
491     | 0.0            | 0.2832    | 
492     | 0.0            | 0.2829    | 
493     | 0.0            | 0.2825    | 
494     | 0.0            | 0.2822    | 
495     | 0.0            | 0.2821    | 
496     | 0.0            | 0.2822    | 
497     | 0.0            | 0.2823    | 
498     | 0.0            | 0.2821    | 
499     | 0.0            | 0.2818    | 
500     | 0.0            | 0.2818    | 
501     | 0.0            | 0.2817    | 
502     | 0.0            | 0.2815    | 
503     | 0.0            | 0.2815    | 
504     | 0.0            | 0.2813    | 
505     | 0.0            | 0.2812    | 
506     | 0.0            | 0.281     | 
507     | 0.0            | 0.2806    | 
508     | 0.0            | 0.2805    | 
509     | 0.0            | 0.2802    | 
510     | 0.0            | 0.2801    | 
511     | 0.0            | 0.2799    | 
512     | 0.0            | 0.2797    | 
513     | 0.0            | 0.2798    | 
514     | 0.0            | 0.2797    | 
515     | 0.0            | 0.2796    | 
516     | 0.0            | 0.2794    | 
517     | 0.0            | 0.2797    | 
518     | 0.0            | 0.2796    | 
519     | 0.0            | 0.2795    | 
520     | 0.0            | 0.2794    | 
521     | 0.0            | 0.2792    | 
522     | 0.0            | 0.2792    | 
523     | 0.0            | 0.279     | 
524     | 0.0            | 0.2788    | 
525     | 0.0            | 0.2786    | 
526     | 0.0            | 0.2785    | 
527     | 0.0            | 0.2785    | 
528     | 0.0            | 0.2784    | 
529     | 0.0            | 0.2785    | 
530     | 0.0            | 0.2783    | 
531     | 0.0            | 0.278     | 
532     | 0.0            | 0.2779    | 
533     | 0.0            | 0.2778    | 
534     | 0.0            | 0.2777    | 
535     | 0.0            | 0.2777    | 
536     | 0.0            | 0.2775    | 
537     | 0.0            | 0.2774    | 
538     | 0.0            | 0.2772    | 
539     | 0.0            | 0.2772    | 
540     | 0.0            | 0.2772    | 
541     | 0.0            | 0.2772    | 
542     | 0.0            | 0.2772    | 
543     | 0.0            | 0.277     | 
544     | 0.0            | 0.2768    | 
545     | 0.0            | 0.2767    | 
546     | 0.0            | 0.2764    | 
547     | 0.0            | 0.2764    | 
548     | 0.0            | 0.2763    | 
549     | 0.0            | 0.2762    | 
550     | 0.0            | 0.2761    | 
551     | 0.0            | 0.276     | 
552     | 0.0            | 0.2757    | 
553     | 0.0            | 0.2757    | 
554     | 0.0            | 0.2756    | 
555     | 0.0            | 0.2755    | 
556     | 0.0            | 0.2752    | 
557     | 0.0            | 0.2751    | 
558     | 0.0            | 0.2751    | 
559     | 0.0            | 0.2751    | 
560     | 0.0            | 0.275     | 
561     | 0.0            | 0.2749    | 
562     | 0.0            | 0.2748    | 
563     | 0.0            | 0.2747    | 
564     | 0.0            | 0.2746    | 
565     | 0.0            | 0.2746    | 
566     | 0.0            | 0.274     | 
567     | 0.0            | 0.274     | 
568     | 0.0            | 0.2737    | 
569     | 0.0            | 0.2735    | 
570     | 0.0            | 0.274     | 
571     | 0.0            | 0.2738    | 
572     | 0.0            | 0.2737    | 
573     | 0.0            | 0.2737    | 
574     | 0.0            | 0.2736    | 
575     | 0.0            | 0.2738    | 
576     | 0.0            | 0.2737    | 
577     | 0.0            | 0.2736    | 
578     | 0.0            | 0.2735    | 
579     | 0.0            | 0.2734    | 
580     | 0.0            | 0.2733    | 
581     | 0.0            | 0.2734    | 
582     | 0.0            | 0.2732    | 
583     | 0.0            | 0.2732    | 
584     | 0.0            | 0.2731    | 
585     | 0.0            | 0.273     | 
586     | 0.0            | 0.2731    | 
587     | 0.0            | 0.273     | 
588     | 0.0            | 0.2729    | 
589     | 0.0            | 0.2729    | 
590     | 0.0            | 0.2728    | 
591     | 0.0            | 0.2728    | 
592     | 0.0            | 0.2728    | 
593     | 0.0            | 0.2727    | 
594     | 0.0            | 0.2726    | 
595     | 0.0            | 0.2725    | 
596     | 0.0            | 0.2725    | 
597     | 0.0            | 0.2725    | 
598     | 0.0            | 0.2724    | 
599     | 0.0            | 0.2724    | 
600     | 0.0            | 0.2724    | 
601     | 0.0            | 0.2724    | 
602     | 0.0            | 0.2723    | 
603     | 0.0            | 0.2719    | 
604     | 0.0            | 0.2719    | 
605     | 0.0            | 0.2719    | 
606     | 0.0            | 0.2718    | 
607     | 0.0            | 0.2716    | 
608     | 0.0            | 0.2716    | 
609     | 0.0            | 0.2715    | 
610     | 0.0            | 0.2715    | 
611     | 0.0            | 0.2713    | 
612     | 0.0            | 0.2711    | 
613     | 0.0            | 0.271     | 
614     | 0.0            | 0.2709    | 
615     | 0.0            | 0.2709    | 
616     | 0.0            | 0.2708    | 
617     | 0.0            | 0.2706    | 
618     | 0.0            | 0.2709    | 
619     | 0.0            | 0.2707    | 
620     | 0.0            | 0.2704    | 
621     | 0.0            | 0.2703    | 
622     | 0.0            | 0.2702    | 
623     | 0.0            | 0.27      | 
624     | 0.0            | 0.2701    | 
625     | 0.0            | 0.27      | 
626     | 0.0            | 0.2699    | 
627     | 0.0            | 0.2698    | 
628     | 0.0            | 0.2696    | 
629     | 0.0            | 0.2703    | 
630     | 0.0            | 0.2701    | 
631     | 0.0            | 0.27      | 
632     | 0.0            | 0.2699    | 
633     | 0.0            | 0.2694    | 
634     | 0.0            | 0.2693    | 
635     | 0.0            | 0.2692    | 
636     | 0.0            | 0.2696    | 
637     | 0.0            | 0.2695    | 
638     | 0.0            | 0.2694    | 
639     | 0.0            | 0.2694    | 
640     | 0.0            | 0.2693    | 
641     | 0.0            | 0.2693    | 
642     | 0.0            | 0.2694    | 
643     | 0.0            | 0.2695    | 
644     | 0.0            | 0.2694    | 
645     | 0.0            | 0.2694    | 
646     | 0.0            | 0.2692    | 
647     | 0.0            | 0.2691    | 
648     | 0.0            | 0.269     | 
649     | 0.0            | 0.2689    | 
650     | 0.0            | 0.2688    | 
651     | 0.0            | 0.2687    | 
652     | 0.0            | 0.2686    | 
653     | 0.0            | 0.2686    | 
654     | 0.0            | 0.2685    | 
655     | 0.0            | 0.2684    | 
656     | 0.0            | 0.2683    | 
657     | 0.0            | 0.2681    | 
658     | 0.0            | 0.268     | 
659     | 0.0            | 0.268     | 
660     | 0.0            | 0.2679    | 
661     | 0.0            | 0.2679    | 
662     | 0.0            | 0.2678    | 
663     | 0.0            | 0.2677    | 
664     | 0.0            | 0.2676    | 
665     | 0.0            | 0.2674    | 
666     | 0.0            | 0.2672    | 
667     | 0.0            | 0.2671    | 
668     | 0.0            | 0.2672    | 
669     | 0.0            | 0.268     | 
670     | 0.0            | 0.268     | 
671     | 0.0            | 0.2679    | 
672     | 0.0            | 0.2679    | 
673     | 0.0            | 0.2678    | 
674     | 0.0            | 0.2678    | 
675     | 0.0            | 0.2677    | 
676     | 0.0            | 0.2677    | 
677     | 0.0            | 0.2677    | 
678     | 0.0            | 0.2676    | 
679     | 0.0            | 0.2675    | 
680     | 0.0            | 0.2674    | 
681     | 0.0            | 0.2673    | 
682     | 0.0            | 0.2673    | 
683     | 0.0            | 0.2673    | 
684     | 0.0            | 0.2673    | 
685     | 0.0            | 0.2673    | 
686     | 0.0            | 0.2672    | 
687     | 0.0            | 0.2672    | 
688     | 0.0            | 0.267     | 
689     | 0.0            | 0.267     | 
690     | 0.0            | 0.267     | 
691     | 0.0            | 0.267     | 
692     | 0.0            | 0.267     | 
693     | 0.0            | 0.2669    | 
694     | 0.0            | 0.2669    | 
695     | 0.0            | 0.2669    | 
696     | 0.0            | 0.2672    | 
697     | 0.0            | 0.2671    | 
698     | 0.0            | 0.2671    | 
699     | 0.0            | 0.267     | 
700     | 0.0            | 0.267     | 
701     | 0.0            | 0.2669    | 
702     | 0.0            | 0.2669    | 
703     | 0.0            | 0.2668    | 
704     | 0.0            | 0.2668    | 
705     | 0.0            | 0.2668    | 
706     | 0.0            | 0.2667    | 
707     | 0.0            | 0.2667    | 
708     | 0.0            | 0.2667    | 
709     | 0.0            | 0.2666    | 
710     | 0.0            | 0.2666    | 
711     | 0.0            | 0.2669    | 
712     | 0.0            | 0.2667    | 
713     | 0.0            | 0.2666    | 
714     | 0.0            | 0.2665    | 
715     | 0.0            | 0.2665    | 
716     | 0.0            | 0.2664    | 
717     | 0.0            | 0.2663    | 
718     | 0.0            | 0.2663    | 
719     | 0.0            | 0.2662    | 
720     | 0.0            | 0.2662    | 
721     | 0.0            | 0.2661    | 
722     | 0.0            | 0.266     | 
723     | 0.0            | 0.266     | 
724     | 0.0            | 0.266     | 
725     | 0.0            | 0.266     | 
726     | 0.0            | 0.266     | 
727     | 0.0            | 0.266     | 
728     | 0.0            | 0.2659    | 
729     | 0.0            | 0.2659    | 
730     | 0.0            | 0.2659    | 
731     | 0.0            | 0.2658    | 
732     | 0.0            | 0.2658    | 
733     | 0.0            | 0.2658    | 
734     | 0.0            | 0.2659    | 
735     | 0.0            | 0.2658    | 
736     | 0.0            | 0.2658    | 
737     | 0.0            | 0.2658    | 
738     | 0.0            | 0.2657    | 
739     | 0.0            | 0.2657    | 
740     | 0.0            | 0.2656    | 
741     | 0.0            | 0.2656    | 
742     | 0.0            | 0.2656    | 
743     | 0.0            | 0.2654    | 
744     | 0.0            | 0.2654    | 
745     | 0.0            | 0.2653    | 
746     | 0.0            | 0.2652    | 
747     | 0.0            | 0.2652    | 
748     | 0.0            | 0.265     | 
749     | 0.0            | 0.265     | 
750     | 0.0            | 0.265     | 
751     | 0.0            | 0.2649    | 
752     | 0.0            | 0.2649    | 
753     | 0.0            | 0.2648    | 
754     | 0.0            | 0.2648    | 
755     | 0.0            | 0.2647    | 
756     | 0.0            | 0.2645    | 
757     | 0.0            | 0.2645    | 
758     | 0.0            | 0.2645    | 
759     | 0.0            | 0.2645    | 
760     | 0.0            | 0.2645    | 
761     | 0.0            | 0.2644    | 
762     | 0.0            | 0.2644    | 
763     | 0.0            | 0.2644    | 
764     | 0.0            | 0.2644    | 
765     | 0.0            | 0.2643    | 
766     | 0.0            | 0.2642    | 
767     | 0.0            | 0.2642    | 
768     | 0.0            | 0.2641    | 
769     | 0.0            | 0.2641    | 
770     | 0.0            | 0.2641    | 
771     | 0.0            | 0.2641    | 
772     | 0.0            | 0.2641    | 
773     | 0.0            | 0.264     | 
774     | 0.0            | 0.264     | 
775     | 0.0            | 0.264     | 
776     | 0.0            | 0.2639    | 
777     | 0.0            | 0.264     | 
778     | 0.0            | 0.2639    | 
779     | 0.0            | 0.2638    | 
780     | 0.0            | 0.2638    | 
781     | 0.0            | 0.2638    | 
782     | 0.0            | 0.2637    | 
783     | 0.0            | 0.2636    | 
784     | 0.0            | 0.2636    | 
785     | 0.0            | 0.2636    | 
786     | 0.0            | 0.2636    | 
787     | 0.0            | 0.2634    | 
788     | 0.0            | 0.2634    | 
789     | 0.0            | 0.2633    | 
790     | 0.0            | 0.2633    | 
791     | 0.0            | 0.2635    | 
792     | 0.0            | 0.2635    | 
793     | 0.0            | 0.2628    | 
794     | 0.0            | 0.2628    | 
795     | 0.0            | 0.2628    | 
796     | 0.0            | 0.2627    | 
797     | 0.0            | 0.2627    | 
798     | 0.0            | 0.2626    | 
799     | 0.0            | 0.2626    | 
800     | 0.0            | 0.2625    | 
801     | 0.0            | 0.2625    | 
802     | 0.0            | 0.2624    | 
803     | 0.0            | 0.2624    | 
804     | 0.0            | 0.2625    | 
805     | 0.0            | 0.2626    | 
806     | 0.0            | 0.2626    | 
807     | 0.0            | 0.2624    | 
808     | 0.0            | 0.2624    | 
809     | 0.0            | 0.2623    | 
810     | 0.0            | 0.2621    | 
811     | 0.0            | 0.262     | 
812     | 0.0            | 0.262     | 
813     | 0.0            | 0.262     | 
814     | 0.0            | 0.2621    | 
815     | 0.0            | 0.2619    | 
816     | 0.0            | 0.2619    | 
817     | 0.0            | 0.2618    | 
818     | 0.0            | 0.2617    | 
819     | 0.0            | 0.2617    | 
820     | 0.0            | 0.2616    | 
821     | 0.0            | 0.2616    | 
822     | 0.0            | 0.2615    | 
823     | 0.0            | 0.2615    | 
824     | 0.0            | 0.2615    | 
825     | 0.0            | 0.2615    | 
826     | 0.0            | 0.2615    | 
827     | 0.0            | 0.2614    | 
828     | 0.0            | 0.2615    | 
829     | 0.0            | 0.2613    | 
830     | 0.0            | 0.2614    | 
831     | 0.0            | 0.2614    | 
832     | 0.0            | 0.2613    | 
833     | 0.0            | 0.2613    | 
834     | 0.0            | 0.2612    | 
835     | 0.0            | 0.2612    | 
836     | 0.0            | 0.2612    | 
837     | 0.0            | 0.2612    | 
838     | 0.0            | 0.2612    | 
839     | 0.0            | 0.2611    | 
840     | 0.0            | 0.2611    | 
841     | 0.0            | 0.261     | 
842     | 0.0            | 0.261     | 
843     | 0.0            | 0.261     | 
844     | 0.0            | 0.261     | 
845     | 0.0            | 0.2611    | 
846     | 0.0            | 0.2611    | 
847     | 0.0            | 0.2611    | 
848     | 0.0            | 0.2611    | 
849     | 0.0            | 0.261     | 
850     | 0.0            | 0.261     | 
851     | 0.0            | 0.2609    | 
852     | 0.0            | 0.2609    | 
853     | 0.0            | 0.2609    | 
854     | 0.0            | 0.2609    | 
855     | 0.0            | 0.2609    | 
856     | 0.0            | 0.2609    | 
857     | 0.0            | 0.2609    | 
858     | 0.0            | 0.2609    | 
859     | 0.0            | 0.2609    | 
860     | 0.0            | 0.2609    | 
861     | 0.0            | 0.2609    | 
862     | 0.0            | 0.2608    | 
863     | 0.0            | 0.2608    | 
864     | 0.0            | 0.2607    | 
865     | 0.0            | 0.2608    | 
866     | 0.0            | 0.2608    | 
867     | 0.0            | 0.2608    | 
868     | 0.0            | 0.2607    | 
869     | 0.0            | 0.2602    | 
870     | 0.0            | 0.2606    | 
871     | 0.0            | 0.2606    | 
872     | 0.0            | 0.2603    | 
873     | 0.0            | 0.2599    | 
874     | 0.0            | 0.2603    | 
875     | 0.0            | 0.26      | 
876     | 0.0            | 0.2606    | 
877     | 0.0            | 0.2598    | 
878     | 0.0            | 0.2607    | 
879     | 0.0            | 0.2592    | 
880     | 0.0            | 0.2598    | 
881     | 0.0            | 0.2599    | 
882     | 0.0            | 0.2592    | 
883     | 0.0            | 0.2597    | 
884     | 0.0            | 0.2599    | 
885     | 0.0            | 0.2595    | 
886     | 0.0            | 0.2589    | 
887     | 0.0            | 0.2599    | 
888     | 0.0            | 0.259     | 
889     | 0.0            | 0.2596    | 
890     | 0.0            | 0.2589    | 
891     | 0.0            | 0.2596    | 
892     | 0.0            | 0.2598    | 
893     | 0.0            | 0.2589    | 
894     | 0.0            | 0.2586    | 
895     | 0.0            | 0.2589    | 
896     | 0.0            | 0.2585    | 
897     | 0.0            | 0.2582    | 
898     | 0.0            | 0.2579    | 
899     | 0.0            | 0.2593    | 
900     | 0.0            | 0.2581    | 
901     | 0.0            | 0.2593    | 
902     | 0.0            | 0.2693    | 
903     | 0.0            | 0.2591    | 
904     | 0.0            | 0.2582    | 
905     | 0.0            | 0.258     | 
906     | 0.0            | 0.2587    | 
907     | 0.0            | 0.2579    | 
908     | 0.0            | 0.2582    | 
909     | 0.0            | 0.2572    | 
910     | 0.0            | 0.2578    | 
911     | 0.0            | 0.2584    | 
912     | 0.0            | 0.2584    | 
913     | 0.0            | 0.2572    | 
914     | 0.0            | 0.2588    | 
915     | 0.0            | 0.2595    | 
916     | 0.0            | 0.2592    | 
917     | 0.0            | 0.2595    | 
918     | 0.0            | 0.26      | 
919     | 0.0            | 0.26      | 
920     | 0.0            | 0.2543    | 
921     | 0.0            | 0.2537    | 
922     | 0.0            | 0.2544    | 
923     | 0.0            | 0.2545    | 
924     | 0.0            | 0.2519    | 
925     | 0.0            | 0.2519    | 
926     | 0.0            | 0.2527    | 
927     | 0.0            | 0.2515    | 
928     | 0.0            | 0.2519    | 
929     | 0.0            | 0.2498    | 
930     | 0.0            | 0.2504    | 
931     | 0.0            | 0.2517    | 
932     | 0.0            | 0.2507    | 
933     | 0.0            | 0.2506    | 
934     | 0.0            | 0.2504    | 
935     | 0.0            | 0.2492    | 
936     | 0.0            | 0.247     | 
937     | 0.0            | 0.2464    | 
938     | 0.0            | 0.2483    | 
939     | 0.0            | 0.2474    | 
940     | 0.0            | 0.2475    | 
941     | 0.0            | 0.2476    | 
942     | 0.0            | 0.2466    | 
943     | 0.0            | 0.247     | 
944     | 0.0            | 0.2471    | 
945     | 0.0            | 0.2472    | 
946     | 0.0            | 0.2479    | 
947     | 0.0            | 0.2485    | 
948     | 0.0            | 0.2486    | 
949     | 0.0            | 0.2462    | 
950     | 0.0            | 0.2468    | 
951     | 0.0            | 0.2456    | 
952     | 0.0            | 0.2439    | 
953     | 0.0            | 0.2444    | 
954     | 0.0            | 0.2453    | 
955     | 0.0            | 0.2437    | 
956     | 0.0            | 0.2457    | 
957     | 0.0            | 0.2468    | 
958     | 0.0            | 0.2454    | 
959     | 0.0            | 0.2455    | 
960     | 0.0            | 0.2445    | 
961     | 0.0            | 0.2445    | 
962     | 0.0            | 0.2456    | 
963     | 0.0            | 0.2454    | 
964     | 0.0            | 0.2442    | 
965     | 0.0            | 0.2435    | 
966     | 0.0            | 0.2424    | 
967     | 0.0            | 0.2421    | 
968     | 0.0            | 0.2427    | 
969     | 0.0            | 0.2411    | 
970     | 0.0            | 0.2435    | 
971     | 0.0            | 0.2426    | 
972     | 0.0            | 0.2425    | 
973     | 0.0            | 0.2401    | 
974     | 0.0            | 0.2414    | 
975     | 0.0            | 0.2421    | 
976     | 0.0            | 0.2423    | 
977     | 0.0            | 0.2408    | 
978     | 0.0            | 0.2447    | 
979     | 0.0            | 0.2438    | 
980     | 0.0            | 0.244     | 
981     | 0.0            | 0.244     | 
982     | 0.0            | 0.2435    | 
983     | 0.0            | 0.2424    | 
984     | 0.0            | 0.2415    | 
985     | 0.0            | 0.2374    | 
986     | 0.0            | 0.237     | 
987     | 0.0            | 0.2362    | 
988     | 0.0            | 0.2346    | 
989     | 0.0            | 0.2335    | 
990     | 0.0            | 0.2346    | 
991     | 0.0            | 0.2353    | 
992     | 0.0            | 0.2344    | 
993     | 0.0            | 0.2344    | 
994     | 0.0            | 0.2363    | 
995     | 0.0            | 0.2387    | 
996     | 0.0            | 0.2385    | 
997     | 0.0            | 0.2384    | 
998     | 0.0            | 0.2382    | 
999     | 0.0            | 0.2376    | 
1000    | 0.0            | 0.2378    | 
1001    | 0.0            | 0.2376    | 
1002    | 0.0            | 0.237     | 
1003    | 0.0            | 0.2361    | 
1004    | 0.0            | 0.2363    | 
1005    | 0.0            | 0.2367    | 
1006    | 0.0            | 0.2372    | 
1007    | 0.0            | 0.2374    | 
1008    | 0.0            | 0.2377    | 
1009    | 0.0            | 0.2374    | 
1010    | 0.0            | 0.2394    | 
1011    | 0.0            | 0.2405    | 
1012    | 0.0            | 0.2371    | 
1013    | 0.0            | 0.2372    | 
1014    | 0.0            | 0.2395    | 
1015    | 0.0            | 0.2391    | 
1016    | 0.0            | 0.2389    | 
1017    | 0.0            | 0.2383    | 
1018    | 0.0            | 0.2377    | 
1019    | 0.0            | 0.2378    | 
1020    | 0.0            | 0.2373    | 
1021    | 0.0            | 0.2376    | 
1022    | 0.0            | 0.237     | 
1023    | 0.0            | 0.2373    | 
1024    | 0.0            | 0.2351    | 
1025    | 0.0            | 0.2348    | 
1026    | 0.0            | 0.2341    | 
1027    | 0.0            | 0.2334    | 
1028    | 0.0            | 0.2327    | 
1029    | 0.0            | 0.2326    | 
1030    | 0.0            | 0.2321    | 
1031    | 0.0            | 0.2319    | 
1032    | 0.0            | 0.2315    | 
1033    | 0.0            | 0.2314    | 
1034    | 0.0            | 0.231     | 
1035    | 0.0            | 0.2316    | 
1036    | 0.0            | 0.2312    | 
1037    | 0.0            | 0.2318    | 
1038    | 0.0            | 0.2316    | 
1039    | 0.0            | 0.2321    | 
1040    | 0.0            | 0.232     | 
1041    | 0.0            | 0.2317    | 
1042    | 0.0            | 0.2317    | 
1043    | 0.0            | 0.2303    | 
1044    | 0.0            | 0.2302    | 
1045    | 0.0            | 0.2296    | 
1046    | 0.0            | 0.2295    | 
1047    | 0.0            | 0.2296    | 
1048    | 0.0            | 0.2296    | 
1049    | 0.0            | 0.2311    | 
1050    | 0.0            | 0.2307    | 
1051    | 0.0            | 0.2307    | 
1052    | 0.0            | 0.2301    | 
1053    | 0.0            | 0.2298    | 
1054    | 0.0            | 0.2299    | 
1055    | 0.0            | 0.2297    | 
1056    | 0.0            | 0.2298    | 
1057    | 0.0            | 0.2289    | 
1058    | 0.0            | 0.2295    | 
1059    | 0.0            | 0.2294    | 
1060    | 0.0            | 0.2294    | 
1061    | 0.0            | 0.2294    | 
1062    | 0.0            | 0.2296    | 
1063    | 0.0            | 0.229     | 
1064    | 0.0            | 0.2292    | 
1065    | 0.0            | 0.2292    | 
1066    | 0.0            | 0.2292    | 
1067    | 0.0            | 0.2294    | 
1068    | 0.0            | 0.2297    | 
1069    | 0.0            | 0.2288    | 
1070    | 0.0            | 0.2296    | 
1071    | 0.0            | 0.2295    | 
1072    | 0.0            | 0.2297    | 
1073    | 0.0            | 0.2296    | 
1074    | 0.0            | 0.2297    | 
1075    | 0.0            | 0.2294    | 
1076    | 0.0            | 0.2295    | 
1077    | 0.0            | 0.2297    | 
1078    | 0.0            | 0.2298    | 
1079    | 0.0            | 0.2298    | 
1080    | 0.0            | 0.2295    | 
1081    | 0.0            | 0.2291    | 
1082    | 0.0            | 0.2288    | 
1083    | 0.0            | 0.2298    | 
1084    | 0.0            | 0.2296    | 
1085    | 0.0            | 0.2306    | 
1086    | 0.0            | 0.2311    | 
1087    | 0.0            | 0.2309    | 
1088    | 0.0            | 0.2311    | 
1089    | 0.0            | 0.2305    | 
1090    | 0.0            | 0.2298    | 
1091    | 0.0            | 0.2299    | 
1092    | 0.0            | 0.2295    | 
1093    | 0.0            | 0.2294    | 
1094    | 0.0            | 0.2288    | 
1095    | 0.0            | 0.2288    | 
1096    | 0.0            | 0.2285    | 
1097    | 0.0            | 0.228     | 
1098    | 0.0            | 0.2277    | 
1099    | 0.0            | 0.2276    | 
1100    | 0.0            | 0.2274    | 
1101    | 0.0            | 0.2274    | 
1102    | 0.0            | 0.2271    | 
1103    | 0.0            | 0.2271    | 
1104    | 0.0            | 0.2268    | 
1105    | 0.0            | 0.2266    | 
1106    | 0.0            | 0.2266    | 
1107    | 0.0            | 0.2266    | 
1108    | 0.0            | 0.2269    | 
1109    | 0.0            | 0.227     | 
1110    | 0.0            | 0.2269    | 
1111    | 0.0            | 0.2267    | 
1112    | 0.0            | 0.227     | 
1113    | 0.0            | 0.2269    | 
1114    | 0.0            | 0.227     | 
1115    | 0.0            | 0.227     | 
1116    | 0.0            | 0.2273    | 
1117    | 0.0            | 0.2271    | 
1118    | 0.0            | 0.2272    | 
1119    | 0.0            | 0.2271    | 
1120    | 0.0            | 0.2275    | 
1121    | 0.0            | 0.2272    | 
1122    | 0.0            | 0.2273    | 
1123    | 0.0            | 0.227     | 
1124    | 0.0            | 0.2267    | 
1125    | 0.0            | 0.2267    | 
1126    | 0.0            | 0.2265    | 
1127    | 0.0            | 0.2262    | 
1128    | 0.0            | 0.2259    | 
1129    | 0.0            | 0.226     | 
1130    | 0.0            | 0.2261    | 
1131    | 0.0            | 0.2257    | 
1132    | 0.0            | 0.2255    | 
1133    | 0.0            | 0.2255    | 
1134    | 0.0            | 0.2253    | 
1135    | 0.0            | 0.225     | 
1136    | 0.0            | 0.2238    | 
1137    | 0.0            | 0.2237    | 
1138    | 0.0            | 0.2231    | 
1139    | 0.0            | 0.2228    | 
1140    | 0.0            | 0.2229    | 
1141    | 0.0            | 0.2232    | 
1142    | 0.0            | 0.2232    | 
1143    | 0.0            | 0.2231    | 
1144    | 0.0            | 0.2226    | 
1145    | 0.0            | 0.2224    | 
1146    | 0.0            | 0.2226    | 
1147    | 0.0            | 0.2223    | 
1148    | 0.0            | 0.2222    | 
1149    | 0.0            | 0.2221    | 
1150    | 0.0            | 0.222     | 
1151    | 0.0            | 0.2221    | 
1152    | 0.0            | 0.222     | 
1153    | 0.0            | 0.2219    | 
1154    | 0.0            | 0.2229    | 
1155    | 0.0            | 0.2229    | 
1156    | 0.0            | 0.2228    | 
1157    | 0.0            | 0.2233    | 
1158    | 0.0            | 0.223     | 
1159    | 0.0            | 0.2231    | 
1160    | 0.0            | 0.2227    | 
1161    | 0.0            | 0.2229    | 
1162    | 0.0            | 0.2228    | 
1163    | 0.0            | 0.2229    | 
1164    | 0.0            | 0.2224    | 
1165    | 0.0            | 0.2225    | 
1166    | 0.0            | 0.2227    | 
1167    | 0.0            | 0.2227    | 
1168    | 0.0            | 0.2225    | 
1169    | 0.0            | 0.2225    | 
1170    | 0.0            | 0.2225    | 
1171    | 0.0            | 0.2223    | 
1172    | 0.0            | 0.2222    | 
1173    | 0.0            | 0.2219    | 
1174    | 0.0            | 0.222     | 
1175    | 0.0            | 0.222     | 
1176    | 0.0            | 0.222     | 
1177    | 0.0            | 0.222     | 
1178    | 0.0            | 0.2218    | 
1179    | 0.0            | 0.2215    | 
1180    | 0.0            | 0.2216    | 
1181    | 0.0            | 0.2215    | 
1182    | 0.0            | 0.2214    | 
1183    | 0.0            | 0.2213    | 
1184    | 0.0            | 0.2209    | 
1185    | 0.0            | 0.221     | 
1186    | 0.0            | 0.2209    | 
1187    | 0.0            | 0.2208    | 
1188    | 0.0            | 0.2208    | 
1189    | 0.0            | 0.2208    | 
1190    | 0.0            | 0.2208    | 
1191    | 0.0            | 0.2207    | 
1192    | 0.0            | 0.2207    | 
1193    | 0.0            | 0.2209    | 
1194    | 0.0            | 0.2208    | 
1195    | 0.0            | 0.2207    | 
1196    | 0.0            | 0.2205    | 
1197    | 0.0            | 0.2203    | 
1198    | 0.0            | 0.2198    | 
1199    | 0.0            | 0.2194    | 
1200    | 0.0            | 0.2191    | 
1201    | 0.0            | 0.2191    | 
1202    | 0.0            | 0.2195    | 
1203    | 0.0            | 0.2194    | 
1204    | 0.0            | 0.2194    | 
1205    | 0.0            | 0.2194    | 
1206    | 0.0            | 0.2192    | 
1207    | 0.0            | 0.2192    | 
1208    | 0.0            | 0.2196    | 
1209    | 0.0            | 0.2202    | 
1210    | 0.0            | 0.2202    | 
1211    | 0.0            | 0.2207    | 
1212    | 0.0            | 0.2208    | 
1213    | 0.0            | 0.2207    | 
1214    | 0.0            | 0.2207    | 
1215    | 0.0            | 0.2208    | 
1216    | 0.0            | 0.2209    | 
1217    | 0.0            | 0.2207    | 
1218    | 0.0            | 0.2211    | 
1219    | 0.0            | 0.2211    | 
1220    | 0.0            | 0.2211    | 
1221    | 0.0            | 0.2209    | 
1222    | 0.0            | 0.221     | 
1223    | 0.0            | 0.2213    | 
1224    | 0.0            | 0.2214    | 
1225    | 0.0            | 0.2213    | 
1226    | 0.0            | 0.2213    | 
1227    | 0.0            | 0.2209    | 
1228    | 0.0            | 0.2208    | 
1229    | 0.0            | 0.2208    | 
1230    | 0.0            | 0.2209    | 
1231    | 0.0            | 0.2209    | 
1232    | 0.0            | 0.2213    | 
1233    | 0.0            | 0.2212    | 
1234    | 0.0            | 0.2212    | 
1235    | 0.0            | 0.221     | 
1236    | 0.0            | 0.2211    | 
1237    | 0.0            | 0.2212    | 
1238    | 0.0            | 0.2225    | 
1239    | 0.0            | 0.2225    | 
1240    | 0.0            | 0.2225    | 
1241    | 0.0            | 0.2224    | 
1242    | 0.0            | 0.2224    | 
1243    | 0.0            | 0.2221    | 
1244    | 0.0            | 0.222     | 
1245    | 0.0            | 0.2206    | 
1246    | 0.0            | 0.2206    | 
1247    | 0.0            | 0.2208    | 
1248    | 0.0            | 0.2209    | 
1249    | 0.0            | 0.2211    | 
1250    | 0.0            | 0.2209    | 
1251    | 0.0            | 0.2211    | 
1252    | 0.0            | 0.2218    | 
1253    | 0.0            | 0.2216    | 
1254    | 0.0            | 0.2216    | 
1255    | 0.0            | 0.2215    | 
1256    | 0.0            | 0.2216    | 
1257    | 0.0            | 0.2216    | 
1258    | 0.0            | 0.2215    | 
1259    | 0.0            | 0.2214    | 
1260    | 0.0            | 0.2214    | 
1261    | 0.0            | 0.2214    | 
1262    | 0.0            | 0.2213    | 
1263    | 0.0            | 0.2212    | 
1264    | 0.0            | 0.2212    | 
1265    | 0.0            | 0.2212    | 
1266    | 0.0            | 0.221     | 
1267    | 0.0            | 0.221     | 
1268    | 0.0            | 0.2208    | 
1269    | 0.0            | 0.2207    | 
1270    | 0.0            | 0.2208    | 
1271    | 0.0            | 0.2208    | 
1272    | 0.0            | 0.2207    | 
1273    | 0.0            | 0.2208    | 
1274    | 0.0            | 0.2207    | 
1275    | 0.0            | 0.2205    | 
1276    | 0.0            | 0.2204    | 
1277    | 0.0            | 0.2203    | 
1278    | 0.0            | 0.2203    | 
1279    | 0.0            | 0.2203    | 
1280    | 0.0            | 0.2204    | 
1281    | 0.0            | 0.2202    | 
1282    | 0.0            | 0.2203    | 
1283    | 0.0            | 0.2202    | 
1284    | 0.0            | 0.2203    | 
1285    | 0.0            | 0.2203    | 
1286    | 0.0            | 0.2202    | 
1287    | 0.0            | 0.2202    | 
1288    | 0.0            | 0.2204    | 
1289    | 0.0            | 0.2201    | 
1290    | 0.0            | 0.2201    | 
1291    | 0.0            | 0.22      | 
1292    | 0.0            | 0.2201    | 
1293    | 0.0            | 0.22      | 
1294    | 0.0            | 0.2199    | 
1295    | 0.0            | 0.2198    | 
1296    | 0.0            | 0.2201    | 
1297    | 0.0            | 0.2199    | 
1298    | 0.0            | 0.2199    | 
1299    | 0.0            | 0.2202    | 
1300    | 0.0            | 0.22      | 
1301    | 0.0            | 0.2199    | 
1302    | 0.0            | 0.22      | 
1303    | 0.0            | 0.2199    | 
1304    | 0.0            | 0.2199    | 
1305    | 0.0            | 0.2199    | 
1306    | 0.0            | 0.2198    | 
1307    | 0.0            | 0.2198    | 
1308    | 0.0            | 0.2198    | 
1309    | 0.0            | 0.2199    | 
1310    | 0.0            | 0.22      | 
1311    | 0.0            | 0.2199    | 
1312    | 0.0            | 0.2199    | 
1313    | 0.0            | 0.2199    | 
1314    | 0.0            | 0.2199    | 
1315    | 0.0            | 0.2199    | 
1316    | 0.0            | 0.2198    | 
1317    | 0.0            | 0.2195    | 
1318    | 0.0            | 0.2195    | 
1319    | 0.0            | 0.2194    | 
1320    | 0.0            | 0.2194    | 
1321    | 0.0            | 0.2191    | 
1322    | 0.0            | 0.2191    | 
1323    | 0.0            | 0.2191    | 
1324    | 0.0            | 0.2189    | 
1325    | 0.0            | 0.2188    | 
1326    | 0.0            | 0.2188    | 
1327    | 0.0            | 0.2189    | 
1328    | 0.0            | 0.2188    | 
1329    | 0.0            | 0.2189    | 
1330    | 0.0            | 0.2187    | 
1331    | 0.0            | 0.2187    | 
1332    | 0.0            | 0.2184    | 
1333    | 0.0            | 0.2184    | 
1334    | 0.0            | 0.2185    | 
1335    | 0.0            | 0.2185    | 
1336    | 0.0            | 0.2185    | 
1337    | 0.0            | 0.2184    | 
1338    | 0.0            | 0.2183    | 
1339    | 0.0            | 0.2183    | 
1340    | 0.0            | 0.2184    | 
1341    | 0.0            | 0.2184    | 
1342    | 0.0            | 0.2184    | 
1343    | 0.0            | 0.2179    | 
1344    | 0.0            | 0.2178    | 
1345    | 0.0            | 0.218     | 
1346    | 0.0            | 0.218     | 
1347    | 0.0            | 0.2181    | 
1348    | 0.0            | 0.2181    | 
1349    | 0.0            | 0.218     | 
1350    | 0.0            | 0.218     | 
1351    | 0.0            | 0.218     | 
1352    | 0.0            | 0.2179    | 
1353    | 0.0            | 0.2178    | 
1354    | 0.0            | 0.2177    | 
1355    | 0.0            | 0.2178    | 
1356    | 0.0            | 0.2178    | 
1357    | 0.0            | 0.2176    | 
1358    | 0.0            | 0.2174    | 
1359    | 0.0            | 0.2172    | 
1360    | 0.0            | 0.2172    | 
1361    | 0.0            | 0.2173    | 
1362    | 0.0            | 0.218     | 
1363    | 0.0            | 0.218     | 
1364    | 0.0            | 0.2179    | 
1365    | 0.0            | 0.2181    | 
1366    | 0.0            | 0.218     | 
1367    | 0.0            | 0.2181    | 
1368    | 0.0            | 0.2182    | 
1369    | 0.0            | 0.2186    | 
1370    | 0.0            | 0.2185    | 
1371    | 0.0            | 0.2184    | 
1372    | 0.0            | 0.2184    | 
1373    | 0.0            | 0.2183    | 
1374    | 0.0            | 0.2183    | 
1375    | 0.0            | 0.2182    | 
1376    | 0.0            | 0.2181    | 
1377    | 0.0            | 0.2182    | 
1378    | 0.0            | 0.2181    | 
1379    | 0.0            | 0.2182    | 
1380    | 0.0            | 0.2182    | 
1381    | 0.0            | 0.2182    | 
1382    | 0.0            | 0.2185    | 
1383    | 0.0            | 0.2185    | 
1384    | 0.0            | 0.2185    | 
1385    | 0.0            | 0.2185    | 
1386    | 0.0            | 0.2185    | 
1387    | 0.0            | 0.2185    | 
1388    | 0.0            | 0.2185    | 
1389    | 0.0            | 0.2185    | 
1390    | 0.0            | 0.2185    | 
1391    | 0.0            | 0.2185    | 
1392    | 0.0            | 0.2185    | 
1393    | 0.0            | 0.2182    | 
1394    | 0.0            | 0.2181    | 
1395    | 0.0            | 0.2181    | 
1396    | 0.0            | 0.2181    | 
1397    | 0.0            | 0.2181    | 
1398    | 0.0            | 0.218     | 
1399    | 0.0            | 0.2178    | 
1400    | 0.0            | 0.2178    | 
1401    | 0.0            | 0.2176    | 
1402    | 0.0            | 0.2176    | 
1403    | 0.0            | 0.2177    | 
1404    | 0.0            | 0.2176    | 
1405    | 0.0            | 0.2176    | 
1406    | 0.0            | 0.2175    | 
1407    | 0.0            | 0.2177    | 
1408    | 0.0            | 0.2178    | 
1409    | 0.0            | 0.2178    | 
1410    | 0.0            | 0.2177    | 
1411    | 0.0            | 0.2177    | 
1412    | 0.0            | 0.2179    | 
1413    | 0.0            | 0.2178    | 
1414    | 0.0            | 0.2178    | 
1415    | 0.0            | 0.2176    | 
1416    | 0.0            | 0.2176    | 
1417    | 0.0            | 0.2178    | 
1418    | 0.0            | 0.2177    | 
1419    | 0.0            | 0.2177    | 
1420    | 0.0            | 0.2177    | 
1421    | 0.0            | 0.2177    | 
1422    | 0.0            | 0.2176    | 
1423    | 0.0            | 0.2177    | 
1424    | 0.0            | 0.2179    | 
1425    | 0.0            | 0.218     | 
1426    | 0.0            | 0.2178    | 
1427    | 0.0            | 0.2178    | 
1428    | 0.0            | 0.2179    | 
1429    | 0.0            | 0.2179    | 
1430    | 0.0            | 0.2177    | 
1431    | 0.0            | 0.2176    | 
1432    | 0.0            | 0.2177    | 
1433    | 0.0            | 0.2177    | 
1434    | 0.0            | 0.2178    | 
1435    | 0.0            | 0.2178    | 
1436    | 0.0            | 0.2178    | 
1437    | 0.0            | 0.2178    | 
1438    | 0.0            | 0.2181    | 
1439    | 0.0            | 0.2181    | 
1440    | 0.0            | 0.2181    | 
1441    | 0.0            | 0.2181    | 
1442    | 0.0            | 0.2181    | 
1443    | 0.0            | 0.2181    | 
1444    | 0.0            | 0.2179    | 
1445    | 0.0            | 0.2178    | 
1446    | 0.0            | 0.2178    | 
1447    | 0.0            | 0.2178    | 
1448    | 0.0            | 0.2178    | 
1449    | 0.0            | 0.2178    | 
1450    | 0.0            | 0.2177    | 
1451    | 0.0            | 0.2177    | 
1452    | 0.0            | 0.2177    | 
1453    | 0.0            | 0.2177    | 
1454    | 0.0            | 0.2177    | 
1455    | 0.0            | 0.2177    | 
1456    | 0.0            | 0.2176    | 
1457    | 0.0            | 0.2177    | 
1458    | 0.0            | 0.2177    | 
1459    | 0.0            | 0.2177    | 
1460    | 0.0            | 0.2176    | 
1461    | 0.0            | 0.2176    | 
1462    | 0.0            | 0.2175    | 
1463    | 0.0            | 0.2177    | 
1464    | 0.0            | 0.2176    | 
1465    | 0.0            | 0.2176    | 
1466    | 0.0            | 0.2175    | 
1467    | 0.0            | 0.2175    | 
1468    | 0.0            | 0.2176    | 
1469    | 0.0            | 0.2175    | 
1470    | 0.0            | 0.2174    | 
1471    | 0.0            | 0.2173    | 
1472    | 0.0            | 0.2174    | 
1473    | 0.0            | 0.2175    | 
1474    | 0.0            | 0.2175    | 
1475    | 0.0            | 0.2175    | 
1476    | 0.0            | 0.2174    | 
1477    | 0.0            | 0.2173    | 
1478    | 0.0            | 0.2173    | 
1479    | 0.0            | 0.2174    | 
1480    | 0.0            | 0.2173    | 
1481    | 0.0            | 0.2173    | 
1482    | 0.0            | 0.2173    | 
1483    | 0.0            | 0.2173    | 
1484    | 0.0            | 0.2173    | 
1485    | 0.0            | 0.2173    | 
1486    | 0.0            | 0.2172    | 
1487    | 0.0            | 0.2171    | 
1488    | 0.0            | 0.2172    | 
1489    | 0.0            | 0.2171    | 
1490    | 0.0            | 0.217     | 
1491    | 0.0            | 0.2175    | 
1492    | 0.0            | 0.2173    | 
1493    | 0.0            | 0.2173    | 
1494    | 0.0            | 0.2173    | 
1495    | 0.0            | 0.2173    | 
1496    | 0.0            | 0.2173    | 
1497    | 0.0            | 0.2173    | 
1498    | 0.0            | 0.2173    | 
1499    | 0.0            | 0.2173    | 
1500    | 0.0            | 0.2171    | 
--------------------------------------------------
Finished sucessfully.
MAP on training data: 0.2171
---------------------------------

Model saved to: EXP_DIR/output/Exp-2.3c.Model

Discard orig. features
Model file:	EXP_DIR/output/Exp-2.3c.Model
Feature normalization: No
Model:		ListNet

Reading feature file [EXP_DIR/output/Exp-2.3c.LtrTest]: 0... 
Reading feature file [EXP_DIR/output/Exp-2.3c.LtrTest]... [Done.]            
(12 ranked lists, 1200 entries read)

-- task_1:ranker: inRankFile --


-- task_3:reranker: ltr --


-- task_4:output: trec_eval --

Time:  657.0 secs
[2026-03-18 00:00:14] END QryEval EXP_DIR/params/Exp-2.3c.param (exit 0)

[2026-03-18 00:00:14] Running EXP_DIR/params/Exp-2.3d.param
[2026-03-18 00:00:14] BEGIN QryEval EXP_DIR/params/Exp-2.3d.param
[2026-03-18 00:00:14] COMMAND /opt/anaconda3/envs/11x42-26S-a/bin/python QryEval.py EXP_DIR/params/Exp-2.3d.param

Discard orig. features
Training data:	EXP_DIR/output/Exp-2.3d.LtrTrain
Feature vector representation: Dense.
Ranking method:	ListNet
Feature description file:	Unspecified. All features will be used.
Train metric:	MAP
Test metric:	MAP
Feature normalization: No
Model file: EXP_DIR/output/Exp-2.3d.Model

[+] ListNet's Parameters:
No. of epochs: 1500
Learning rate: 1.0E-5


Reading feature file [EXP_DIR/output/Exp-2.3d.LtrTrain]: 0... 
Reading feature file [EXP_DIR/output/Exp-2.3d.LtrTrain]... [Done.]            
(47 ranked lists, 9585 entries read)
Initializing... [Done]
-----------------------------------------
Training starts...
--------------------------------------------------
#epoch  | C.E. Loss      | MAP-T     | MAP-V     | 
--------------------------------------------------
1       | 0.0            | 0.2449    | 
2       | 0.0            | 0.2452    | 
3       | 0.0            | 0.2452    | 
4       | 0.0            | 0.2454    | 
5       | 0.0            | 0.2456    | 
6       | 0.0            | 0.246     | 
7       | 0.0            | 0.2462    | 
8       | 0.0            | 0.2465    | 
9       | 0.0            | 0.2467    | 
10      | 0.0            | 0.247     | 
11      | 0.0            | 0.2476    | 
12      | 0.0            | 0.2474    | 
13      | 0.0            | 0.2478    | 
14      | 0.0            | 0.248     | 
15      | 0.0            | 0.2508    | 
16      | 0.0            | 0.251     | 
17      | 0.0            | 0.2509    | 
18      | 0.0            | 0.2511    | 
19      | 0.0            | 0.2509    | 
20      | 0.0            | 0.2512    | 
21      | 0.0            | 0.2515    | 
22      | 0.0            | 0.2517    | 
23      | 0.0            | 0.2519    | 
24      | 0.0            | 0.2521    | 
25      | 0.0            | 0.2524    | 
26      | 0.0            | 0.2526    | 
27      | 0.0            | 0.2527    | 
28      | 0.0            | 0.253     | 
29      | 0.0            | 0.2531    | 
30      | 0.0            | 0.2529    | 
31      | 0.0            | 0.2531    | 
32      | 0.0            | 0.2538    | 
33      | 0.0            | 0.2539    | 
34      | 0.0            | 0.2538    | 
35      | 0.0            | 0.254     | 
36      | 0.0            | 0.2541    | 
37      | 0.0            | 0.2543    | 
38      | 0.0            | 0.2545    | 
39      | 0.0            | 0.2548    | 
40      | 0.0            | 0.2548    | 
41      | 0.0            | 0.2549    | 
42      | 0.0            | 0.2549    | 
43      | 0.0            | 0.255     | 
44      | 0.0            | 0.2553    | 
45      | 0.0            | 0.2553    | 
46      | 0.0            | 0.2555    | 
47      | 0.0            | 0.2558    | 
48      | 0.0            | 0.2562    | 
49      | 0.0            | 0.2562    | 
50      | 0.0            | 0.2565    | 
51      | 0.0            | 0.2569    | 
52      | 0.0            | 0.257     | 
53      | 0.0            | 0.2576    | 
54      | 0.0            | 0.2578    | 
55      | 0.0            | 0.258     | 
56      | 0.0            | 0.2583    | 
57      | 0.0            | 0.2583    | 
58      | 0.0            | 0.2584    | 
59      | 0.0            | 0.2586    | 
60      | 0.0            | 0.2591    | 
61      | 0.0            | 0.2592    | 
62      | 0.0            | 0.2597    | 
63      | 0.0            | 0.26      | 
64      | 0.0            | 0.2601    | 
65      | 0.0            | 0.2603    | 
66      | 0.0            | 0.2607    | 
67      | 0.0            | 0.2608    | 
68      | 0.0            | 0.2607    | 
69      | 0.0            | 0.2611    | 
70      | 0.0            | 0.2614    | 
71      | 0.0            | 0.2615    | 
72      | 0.0            | 0.262     | 
73      | 0.0            | 0.2622    | 
74      | 0.0            | 0.262     | 
75      | 0.0            | 0.2623    | 
76      | 0.0            | 0.2624    | 
77      | 0.0            | 0.2627    | 
78      | 0.0            | 0.263     | 
79      | 0.0            | 0.2632    | 
80      | 0.0            | 0.2634    | 
81      | 0.0            | 0.2637    | 
82      | 0.0            | 0.264     | 
83      | 0.0            | 0.2642    | 
84      | 0.0            | 0.2644    | 
85      | 0.0            | 0.2648    | 
86      | 0.0            | 0.2652    | 
87      | 0.0            | 0.2653    | 
88      | 0.0            | 0.2658    | 
89      | 0.0            | 0.266     | 
90      | 0.0            | 0.2663    | 
91      | 0.0            | 0.2664    | 
92      | 0.0            | 0.2668    | 
93      | 0.0            | 0.267     | 
94      | 0.0            | 0.2673    | 
95      | 0.0            | 0.2679    | 
96      | 0.0            | 0.268     | 
97      | 0.0            | 0.2686    | 
98      | 0.0            | 0.2688    | 
99      | 0.0            | 0.2689    | 
100     | 0.0            | 0.269     | 
101     | 0.0            | 0.269     | 
102     | 0.0            | 0.2698    | 
103     | 0.0            | 0.2701    | 
104     | 0.0            | 0.2703    | 
105     | 0.0            | 0.2704    | 
106     | 0.0            | 0.2711    | 
107     | 0.0            | 0.2718    | 
108     | 0.0            | 0.2719    | 
109     | 0.0            | 0.2719    | 
110     | 0.0            | 0.2721    | 
111     | 0.0            | 0.2722    | 
112     | 0.0            | 0.2723    | 
113     | 0.0            | 0.2724    | 
114     | 0.0            | 0.2726    | 
115     | 0.0            | 0.2727    | 
116     | 0.0            | 0.2728    | 
117     | 0.0            | 0.273     | 
118     | 0.0            | 0.2732    | 
119     | 0.0            | 0.2733    | 
120     | 0.0            | 0.2733    | 
121     | 0.0            | 0.2735    | 
122     | 0.0            | 0.2736    | 
123     | 0.0            | 0.2736    | 
124     | 0.0            | 0.2737    | 
125     | 0.0            | 0.2737    | 
126     | 0.0            | 0.2738    | 
127     | 0.0            | 0.274     | 
128     | 0.0            | 0.2742    | 
129     | 0.0            | 0.2743    | 
130     | 0.0            | 0.2745    | 
131     | 0.0            | 0.2746    | 
132     | 0.0            | 0.2747    | 
133     | 0.0            | 0.2749    | 
134     | 0.0            | 0.2749    | 
135     | 0.0            | 0.2751    | 
136     | 0.0            | 0.2752    | 
137     | 0.0            | 0.2754    | 
138     | 0.0            | 0.2755    | 
139     | 0.0            | 0.2755    | 
140     | 0.0            | 0.2755    | 
141     | 0.0            | 0.2758    | 
142     | 0.0            | 0.2758    | 
143     | 0.0            | 0.2756    | 
144     | 0.0            | 0.2759    | 
145     | 0.0            | 0.276     | 
146     | 0.0            | 0.2763    | 
147     | 0.0            | 0.2763    | 
148     | 0.0            | 0.2765    | 
149     | 0.0            | 0.2765    | 
150     | 0.0            | 0.2765    | 
151     | 0.0            | 0.2766    | 
152     | 0.0            | 0.2767    | 
153     | 0.0            | 0.2767    | 
154     | 0.0            | 0.2773    | 
155     | 0.0            | 0.2776    | 
156     | 0.0            | 0.2777    | 
157     | 0.0            | 0.2777    | 
158     | 0.0            | 0.2781    | 
159     | 0.0            | 0.2783    | 
160     | 0.0            | 0.2783    | 
161     | 0.0            | 0.2784    | 
162     | 0.0            | 0.2784    | 
163     | 0.0            | 0.2785    | 
164     | 0.0            | 0.2785    | 
165     | 0.0            | 0.2784    | 
166     | 0.0            | 0.2785    | 
167     | 0.0            | 0.2794    | 
168     | 0.0            | 0.2786    | 
169     | 0.0            | 0.2787    | 
170     | 0.0            | 0.2788    | 
171     | 0.0            | 0.2788    | 
172     | 0.0            | 0.2789    | 
173     | 0.0            | 0.279     | 
174     | 0.0            | 0.2791    | 
175     | 0.0            | 0.2798    | 
176     | 0.0            | 0.2798    | 
177     | 0.0            | 0.2796    | 
178     | 0.0            | 0.2796    | 
179     | 0.0            | 0.2797    | 
180     | 0.0            | 0.2798    | 
181     | 0.0            | 0.2797    | 
182     | 0.0            | 0.2798    | 
183     | 0.0            | 0.2801    | 
184     | 0.0            | 0.2802    | 
185     | 0.0            | 0.2802    | 
186     | 0.0            | 0.2803    | 
187     | 0.0            | 0.2802    | 
188     | 0.0            | 0.2802    | 
189     | 0.0            | 0.2804    | 
190     | 0.0            | 0.2805    | 
191     | 0.0            | 0.2804    | 
192     | 0.0            | 0.2804    | 
193     | 0.0            | 0.2805    | 
194     | 0.0            | 0.2803    | 
195     | 0.0            | 0.2804    | 
196     | 0.0            | 0.2804    | 
197     | 0.0            | 0.2807    | 
198     | 0.0            | 0.2807    | 
199     | 0.0            | 0.2809    | 
200     | 0.0            | 0.2808    | 
201     | 0.0            | 0.2809    | 
202     | 0.0            | 0.2812    | 
203     | 0.0            | 0.2812    | 
204     | 0.0            | 0.2813    | 
205     | 0.0            | 0.2814    | 
206     | 0.0            | 0.2816    | 
207     | 0.0            | 0.2818    | 
208     | 0.0            | 0.2819    | 
209     | 0.0            | 0.2819    | 
210     | 0.0            | 0.282     | 
211     | 0.0            | 0.2821    | 
212     | 0.0            | 0.2822    | 
213     | 0.0            | 0.2823    | 
214     | 0.0            | 0.2825    | 
215     | 0.0            | 0.2826    | 
216     | 0.0            | 0.2827    | 
217     | 0.0            | 0.2827    | 
218     | 0.0            | 0.2828    | 
219     | 0.0            | 0.2829    | 
220     | 0.0            | 0.283     | 
221     | 0.0            | 0.2833    | 
222     | 0.0            | 0.2838    | 
223     | 0.0            | 0.2838    | 
224     | 0.0            | 0.284     | 
225     | 0.0            | 0.2843    | 
226     | 0.0            | 0.2844    | 
227     | 0.0            | 0.2845    | 
228     | 0.0            | 0.2846    | 
229     | 0.0            | 0.2847    | 
230     | 0.0            | 0.2848    | 
231     | 0.0            | 0.2849    | 
232     | 0.0            | 0.2852    | 
233     | 0.0            | 0.285     | 
234     | 0.0            | 0.285     | 
235     | 0.0            | 0.2848    | 
236     | 0.0            | 0.2849    | 
237     | 0.0            | 0.2848    | 
238     | 0.0            | 0.2848    | 
239     | 0.0            | 0.285     | 
240     | 0.0            | 0.2851    | 
241     | 0.0            | 0.2851    | 
242     | 0.0            | 0.2851    | 
243     | 0.0            | 0.2852    | 
244     | 0.0            | 0.2851    | 
245     | 0.0            | 0.285     | 
246     | 0.0            | 0.2851    | 
247     | 0.0            | 0.2851    | 
248     | 0.0            | 0.2848    | 
249     | 0.0            | 0.2849    | 
250     | 0.0            | 0.2848    | 
251     | 0.0            | 0.2848    | 
252     | 0.0            | 0.2848    | 
253     | 0.0            | 0.2849    | 
254     | 0.0            | 0.2849    | 
255     | 0.0            | 0.285     | 
256     | 0.0            | 0.2851    | 
257     | 0.0            | 0.2851    | 
258     | 0.0            | 0.285     | 
259     | 0.0            | 0.2851    | 
260     | 0.0            | 0.285     | 
261     | 0.0            | 0.285     | 
262     | 0.0            | 0.2851    | 
263     | 0.0            | 0.2851    | 
264     | 0.0            | 0.2851    | 
265     | 0.0            | 0.2851    | 
266     | 0.0            | 0.2851    | 
267     | 0.0            | 0.2851    | 
268     | 0.0            | 0.2852    | 
269     | 0.0            | 0.2852    | 
270     | 0.0            | 0.2852    | 
271     | 0.0            | 0.2852    | 
272     | 0.0            | 0.2853    | 
273     | 0.0            | 0.2852    | 
274     | 0.0            | 0.2852    | 
275     | 0.0            | 0.2852    | 
276     | 0.0            | 0.2852    | 
277     | 0.0            | 0.2852    | 
278     | 0.0            | 0.2852    | 
279     | 0.0            | 0.2851    | 
280     | 0.0            | 0.285     | 
281     | 0.0            | 0.2849    | 
282     | 0.0            | 0.2849    | 
283     | 0.0            | 0.2848    | 
284     | 0.0            | 0.2848    | 
285     | 0.0            | 0.2848    | 
286     | 0.0            | 0.2847    | 
287     | 0.0            | 0.2848    | 
288     | 0.0            | 0.2846    | 
289     | 0.0            | 0.2847    | 
290     | 0.0            | 0.2847    | 
291     | 0.0            | 0.2846    | 
292     | 0.0            | 0.2845    | 
293     | 0.0            | 0.2844    | 
294     | 0.0            | 0.2846    | 
295     | 0.0            | 0.2845    | 
296     | 0.0            | 0.2846    | 
297     | 0.0            | 0.2846    | 
298     | 0.0            | 0.2845    | 
299     | 0.0            | 0.2845    | 
300     | 0.0            | 0.2844    | 
301     | 0.0            | 0.2846    | 
302     | 0.0            | 0.2844    | 
303     | 0.0            | 0.2842    | 
304     | 0.0            | 0.2844    | 
305     | 0.0            | 0.2843    | 
306     | 0.0            | 0.2841    | 
307     | 0.0            | 0.2841    | 
308     | 0.0            | 0.284     | 
309     | 0.0            | 0.2843    | 
310     | 0.0            | 0.2847    | 
311     | 0.0            | 0.2847    | 
312     | 0.0            | 0.2846    | 
313     | 0.0            | 0.2847    | 
314     | 0.0            | 0.2841    | 
315     | 0.0            | 0.284     | 
316     | 0.0            | 0.2839    | 
317     | 0.0            | 0.2836    | 
318     | 0.0            | 0.2838    | 
319     | 0.0            | 0.2838    | 
320     | 0.0            | 0.2838    | 
321     | 0.0            | 0.2838    | 
322     | 0.0            | 0.2838    | 
323     | 0.0            | 0.284     | 
324     | 0.0            | 0.2841    | 
325     | 0.0            | 0.284     | 
326     | 0.0            | 0.284     | 
327     | 0.0            | 0.2838    | 
328     | 0.0            | 0.2837    | 
329     | 0.0            | 0.2841    | 
330     | 0.0            | 0.284     | 
331     | 0.0            | 0.2839    | 
332     | 0.0            | 0.2838    | 
333     | 0.0            | 0.2838    | 
334     | 0.0            | 0.2839    | 
335     | 0.0            | 0.2838    | 
336     | 0.0            | 0.2838    | 
337     | 0.0            | 0.2839    | 
338     | 0.0            | 0.285     | 
339     | 0.0            | 0.285     | 
340     | 0.0            | 0.285     | 
341     | 0.0            | 0.285     | 
342     | 0.0            | 0.2849    | 
343     | 0.0            | 0.285     | 
344     | 0.0            | 0.285     | 
345     | 0.0            | 0.2849    | 
346     | 0.0            | 0.285     | 
347     | 0.0            | 0.2849    | 
348     | 0.0            | 0.2851    | 
349     | 0.0            | 0.2851    | 
350     | 0.0            | 0.2849    | 
351     | 0.0            | 0.2849    | 
352     | 0.0            | 0.2848    | 
353     | 0.0            | 0.2849    | 
354     | 0.0            | 0.2852    | 
355     | 0.0            | 0.2851    | 
356     | 0.0            | 0.2851    | 
357     | 0.0            | 0.2851    | 
358     | 0.0            | 0.2854    | 
359     | 0.0            | 0.2855    | 
360     | 0.0            | 0.2868    | 
361     | 0.0            | 0.2867    | 
362     | 0.0            | 0.2866    | 
363     | 0.0            | 0.2865    | 
364     | 0.0            | 0.2867    | 
365     | 0.0            | 0.2869    | 
366     | 0.0            | 0.2869    | 
367     | 0.0            | 0.2867    | 
368     | 0.0            | 0.2866    | 
369     | 0.0            | 0.2866    | 
370     | 0.0            | 0.2866    | 
371     | 0.0            | 0.2867    | 
372     | 0.0            | 0.2867    | 
373     | 0.0            | 0.2867    | 
374     | 0.0            | 0.2867    | 
375     | 0.0            | 0.2867    | 
376     | 0.0            | 0.2867    | 
377     | 0.0            | 0.2867    | 
378     | 0.0            | 0.2868    | 
379     | 0.0            | 0.2868    | 
380     | 0.0            | 0.2867    | 
381     | 0.0            | 0.2866    | 
382     | 0.0            | 0.2866    | 
383     | 0.0            | 0.2865    | 
384     | 0.0            | 0.2867    | 
385     | 0.0            | 0.2872    | 
386     | 0.0            | 0.2872    | 
387     | 0.0            | 0.2871    | 
388     | 0.0            | 0.287     | 
389     | 0.0            | 0.2871    | 
390     | 0.0            | 0.287     | 
391     | 0.0            | 0.287     | 
392     | 0.0            | 0.2881    | 
393     | 0.0            | 0.2882    | 
394     | 0.0            | 0.2879    | 
395     | 0.0            | 0.2878    | 
396     | 0.0            | 0.2877    | 
397     | 0.0            | 0.2877    | 
398     | 0.0            | 0.2877    | 
399     | 0.0            | 0.2876    | 
400     | 0.0            | 0.2875    | 
401     | 0.0            | 0.2879    | 
402     | 0.0            | 0.2873    | 
403     | 0.0            | 0.2863    | 
404     | 0.0            | 0.2864    | 
405     | 0.0            | 0.2863    | 
406     | 0.0            | 0.2862    | 
407     | 0.0            | 0.2856    | 
408     | 0.0            | 0.2855    | 
409     | 0.0            | 0.2855    | 
410     | 0.0            | 0.2853    | 
411     | 0.0            | 0.2851    | 
412     | 0.0            | 0.285     | 
413     | 0.0            | 0.2849    | 
414     | 0.0            | 0.2848    | 
415     | 0.0            | 0.2846    | 
416     | 0.0            | 0.2846    | 
417     | 0.0            | 0.2845    | 
418     | 0.0            | 0.2845    | 
419     | 0.0            | 0.2844    | 
420     | 0.0            | 0.2845    | 
421     | 0.0            | 0.2844    | 
422     | 0.0            | 0.2844    | 
423     | 0.0            | 0.2843    | 
424     | 0.0            | 0.2843    | 
425     | 0.0            | 0.2843    | 
426     | 0.0            | 0.2843    | 
427     | 0.0            | 0.2842    | 
428     | 0.0            | 0.2841    | 
429     | 0.0            | 0.284     | 
430     | 0.0            | 0.2847    | 
431     | 0.0            | 0.2845    | 
432     | 0.0            | 0.2843    | 
433     | 0.0            | 0.2843    | 
434     | 0.0            | 0.2843    | 
435     | 0.0            | 0.2841    | 
436     | 0.0            | 0.2842    | 
437     | 0.0            | 0.2839    | 
438     | 0.0            | 0.2839    | 
439     | 0.0            | 0.2837    | 
440     | 0.0            | 0.2835    | 
441     | 0.0            | 0.2834    | 
442     | 0.0            | 0.2833    | 
443     | 0.0            | 0.2835    | 
444     | 0.0            | 0.2834    | 
445     | 0.0            | 0.2837    | 
446     | 0.0            | 0.2836    | 
447     | 0.0            | 0.2835    | 
448     | 0.0            | 0.2834    | 
449     | 0.0            | 0.2834    | 
450     | 0.0            | 0.2834    | 
451     | 0.0            | 0.2834    | 
452     | 0.0            | 0.2832    | 
453     | 0.0            | 0.2831    | 
454     | 0.0            | 0.2831    | 
455     | 0.0            | 0.283     | 
456     | 0.0            | 0.2832    | 
457     | 0.0            | 0.2831    | 
458     | 0.0            | 0.2831    | 
459     | 0.0            | 0.2831    | 
460     | 0.0            | 0.2832    | 
461     | 0.0            | 0.2833    | 
462     | 0.0            | 0.2832    | 
463     | 0.0            | 0.283     | 
464     | 0.0            | 0.2829    | 
465     | 0.0            | 0.2829    | 
466     | 0.0            | 0.2826    | 
467     | 0.0            | 0.2826    | 
468     | 0.0            | 0.2824    | 
469     | 0.0            | 0.2825    | 
470     | 0.0            | 0.2825    | 
471     | 0.0            | 0.2827    | 
472     | 0.0            | 0.2825    | 
473     | 0.0            | 0.2826    | 
474     | 0.0            | 0.2825    | 
475     | 0.0            | 0.2875    | 
476     | 0.0            | 0.2874    | 
477     | 0.0            | 0.2873    | 
478     | 0.0            | 0.2872    | 
479     | 0.0            | 0.2869    | 
480     | 0.0            | 0.2868    | 
481     | 0.0            | 0.2869    | 
482     | 0.0            | 0.2851    | 
483     | 0.0            | 0.2848    | 
484     | 0.0            | 0.2848    | 
485     | 0.0            | 0.2847    | 
486     | 0.0            | 0.2847    | 
487     | 0.0            | 0.2845    | 
488     | 0.0            | 0.2838    | 
489     | 0.0            | 0.2834    | 
490     | 0.0            | 0.2828    | 
491     | 0.0            | 0.2825    | 
492     | 0.0            | 0.2824    | 
493     | 0.0            | 0.2824    | 
494     | 0.0            | 0.2821    | 
495     | 0.0            | 0.2817    | 
496     | 0.0            | 0.2816    | 
497     | 0.0            | 0.2815    | 
498     | 0.0            | 0.2813    | 
499     | 0.0            | 0.2811    | 
500     | 0.0            | 0.2813    | 
501     | 0.0            | 0.2812    | 
502     | 0.0            | 0.2811    | 
503     | 0.0            | 0.2808    | 
504     | 0.0            | 0.2806    | 
505     | 0.0            | 0.2803    | 
506     | 0.0            | 0.2801    | 
507     | 0.0            | 0.2802    | 
508     | 0.0            | 0.28      | 
509     | 0.0            | 0.2804    | 
510     | 0.0            | 0.2802    | 
511     | 0.0            | 0.2801    | 
512     | 0.0            | 0.28      | 
513     | 0.0            | 0.2798    | 
514     | 0.0            | 0.2797    | 
515     | 0.0            | 0.2795    | 
516     | 0.0            | 0.2794    | 
517     | 0.0            | 0.2792    | 
518     | 0.0            | 0.2792    | 
519     | 0.0            | 0.2791    | 
520     | 0.0            | 0.279     | 
521     | 0.0            | 0.2788    | 
522     | 0.0            | 0.2788    | 
523     | 0.0            | 0.2787    | 
524     | 0.0            | 0.2786    | 
525     | 0.0            | 0.2784    | 
526     | 0.0            | 0.2784    | 
527     | 0.0            | 0.2783    | 
528     | 0.0            | 0.2782    | 
529     | 0.0            | 0.2782    | 
530     | 0.0            | 0.2782    | 
531     | 0.0            | 0.2781    | 
532     | 0.0            | 0.278     | 
533     | 0.0            | 0.2778    | 
534     | 0.0            | 0.2776    | 
535     | 0.0            | 0.2775    | 
536     | 0.0            | 0.2774    | 
537     | 0.0            | 0.2774    | 
538     | 0.0            | 0.2773    | 
539     | 0.0            | 0.2771    | 
540     | 0.0            | 0.2771    | 
541     | 0.0            | 0.2768    | 
542     | 0.0            | 0.2765    | 
543     | 0.0            | 0.2769    | 
544     | 0.0            | 0.2768    | 
545     | 0.0            | 0.2768    | 
546     | 0.0            | 0.2767    | 
547     | 0.0            | 0.2765    | 
548     | 0.0            | 0.2764    | 
549     | 0.0            | 0.2764    | 
550     | 0.0            | 0.2764    | 
551     | 0.0            | 0.2764    | 
552     | 0.0            | 0.2763    | 
553     | 0.0            | 0.2762    | 
554     | 0.0            | 0.2761    | 
555     | 0.0            | 0.2759    | 
556     | 0.0            | 0.2757    | 
557     | 0.0            | 0.2756    | 
558     | 0.0            | 0.2755    | 
559     | 0.0            | 0.2754    | 
560     | 0.0            | 0.2754    | 
561     | 0.0            | 0.2753    | 
562     | 0.0            | 0.2752    | 
563     | 0.0            | 0.2752    | 
564     | 0.0            | 0.2751    | 
565     | 0.0            | 0.275     | 
566     | 0.0            | 0.275     | 
567     | 0.0            | 0.2749    | 
568     | 0.0            | 0.2749    | 
569     | 0.0            | 0.2741    | 
570     | 0.0            | 0.2739    | 
571     | 0.0            | 0.2739    | 
572     | 0.0            | 0.2739    | 
573     | 0.0            | 0.2737    | 
574     | 0.0            | 0.2737    | 
575     | 0.0            | 0.2736    | 
576     | 0.0            | 0.2735    | 
577     | 0.0            | 0.2734    | 
578     | 0.0            | 0.2732    | 
579     | 0.0            | 0.2733    | 
580     | 0.0            | 0.2733    | 
581     | 0.0            | 0.2733    | 
582     | 0.0            | 0.2731    | 
583     | 0.0            | 0.2729    | 
584     | 0.0            | 0.2728    | 
585     | 0.0            | 0.2727    | 
586     | 0.0            | 0.2727    | 
587     | 0.0            | 0.2726    | 
588     | 0.0            | 0.2726    | 
589     | 0.0            | 0.2726    | 
590     | 0.0            | 0.2726    | 
591     | 0.0            | 0.2726    | 
592     | 0.0            | 0.2725    | 
593     | 0.0            | 0.2725    | 
594     | 0.0            | 0.2724    | 
595     | 0.0            | 0.2723    | 
596     | 0.0            | 0.2722    | 
597     | 0.0            | 0.2719    | 
598     | 0.0            | 0.2714    | 
599     | 0.0            | 0.2713    | 
600     | 0.0            | 0.2711    | 
601     | 0.0            | 0.2712    | 
602     | 0.0            | 0.2711    | 
603     | 0.0            | 0.2711    | 
604     | 0.0            | 0.271     | 
605     | 0.0            | 0.271     | 
606     | 0.0            | 0.2709    | 
607     | 0.0            | 0.2706    | 
608     | 0.0            | 0.2706    | 
609     | 0.0            | 0.2706    | 
610     | 0.0            | 0.2705    | 
611     | 0.0            | 0.2712    | 
612     | 0.0            | 0.2711    | 
613     | 0.0            | 0.2711    | 
614     | 0.0            | 0.2709    | 
615     | 0.0            | 0.2707    | 
616     | 0.0            | 0.2707    | 
617     | 0.0            | 0.2706    | 
618     | 0.0            | 0.2705    | 
619     | 0.0            | 0.2701    | 
620     | 0.0            | 0.2703    | 
621     | 0.0            | 0.2701    | 
622     | 0.0            | 0.2699    | 
623     | 0.0            | 0.2699    | 
624     | 0.0            | 0.2699    | 
625     | 0.0            | 0.2697    | 
626     | 0.0            | 0.2696    | 
627     | 0.0            | 0.2696    | 
628     | 0.0            | 0.2695    | 
629     | 0.0            | 0.2694    | 
630     | 0.0            | 0.2694    | 
631     | 0.0            | 0.2695    | 
632     | 0.0            | 0.2694    | 
633     | 0.0            | 0.2694    | 
634     | 0.0            | 0.2691    | 
635     | 0.0            | 0.269     | 
636     | 0.0            | 0.269     | 
637     | 0.0            | 0.2695    | 
638     | 0.0            | 0.2695    | 
639     | 0.0            | 0.2694    | 
640     | 0.0            | 0.2692    | 
641     | 0.0            | 0.2691    | 
642     | 0.0            | 0.2691    | 
643     | 0.0            | 0.269     | 
644     | 0.0            | 0.2689    | 
645     | 0.0            | 0.2688    | 
646     | 0.0            | 0.2688    | 
647     | 0.0            | 0.269     | 
648     | 0.0            | 0.269     | 
649     | 0.0            | 0.2689    | 
650     | 0.0            | 0.2687    | 
651     | 0.0            | 0.2687    | 
652     | 0.0            | 0.2687    | 
653     | 0.0            | 0.2686    | 
654     | 0.0            | 0.2687    | 
655     | 0.0            | 0.2685    | 
656     | 0.0            | 0.2686    | 
657     | 0.0            | 0.2686    | 
658     | 0.0            | 0.2685    | 
659     | 0.0            | 0.2683    | 
660     | 0.0            | 0.2682    | 
661     | 0.0            | 0.2682    | 
662     | 0.0            | 0.2681    | 
663     | 0.0            | 0.2679    | 
664     | 0.0            | 0.2678    | 
665     | 0.0            | 0.2688    | 
666     | 0.0            | 0.2687    | 
667     | 0.0            | 0.2686    | 
668     | 0.0            | 0.2686    | 
669     | 0.0            | 0.2686    | 
670     | 0.0            | 0.2686    | 
671     | 0.0            | 0.2685    | 
672     | 0.0            | 0.2685    | 
673     | 0.0            | 0.2685    | 
674     | 0.0            | 0.2684    | 
675     | 0.0            | 0.2684    | 
676     | 0.0            | 0.2684    | 
677     | 0.0            | 0.2683    | 
678     | 0.0            | 0.2683    | 
679     | 0.0            | 0.2683    | 
680     | 0.0            | 0.2682    | 
681     | 0.0            | 0.2681    | 
682     | 0.0            | 0.2681    | 
683     | 0.0            | 0.268     | 
684     | 0.0            | 0.2679    | 
685     | 0.0            | 0.2679    | 
686     | 0.0            | 0.2679    | 
687     | 0.0            | 0.2677    | 
688     | 0.0            | 0.2677    | 
689     | 0.0            | 0.2676    | 
690     | 0.0            | 0.2675    | 
691     | 0.0            | 0.2674    | 
692     | 0.0            | 0.2674    | 
693     | 0.0            | 0.2674    | 
694     | 0.0            | 0.2672    | 
695     | 0.0            | 0.2671    | 
696     | 0.0            | 0.2671    | 
697     | 0.0            | 0.267     | 
698     | 0.0            | 0.267     | 
699     | 0.0            | 0.267     | 
700     | 0.0            | 0.2669    | 
701     | 0.0            | 0.2668    | 
702     | 0.0            | 0.2668    | 
703     | 0.0            | 0.2668    | 
704     | 0.0            | 0.2667    | 
705     | 0.0            | 0.2667    | 
706     | 0.0            | 0.2667    | 
707     | 0.0            | 0.2667    | 
708     | 0.0            | 0.2667    | 
709     | 0.0            | 0.2669    | 
710     | 0.0            | 0.2669    | 
711     | 0.0            | 0.2668    | 
712     | 0.0            | 0.2668    | 
713     | 0.0            | 0.2668    | 
714     | 0.0            | 0.2668    | 
715     | 0.0            | 0.2668    | 
716     | 0.0            | 0.2666    | 
717     | 0.0            | 0.2666    | 
718     | 0.0            | 0.2666    | 
719     | 0.0            | 0.2665    | 
720     | 0.0            | 0.2666    | 
721     | 0.0            | 0.2666    | 
722     | 0.0            | 0.2664    | 
723     | 0.0            | 0.2663    | 
724     | 0.0            | 0.2662    | 
725     | 0.0            | 0.2662    | 
726     | 0.0            | 0.2662    | 
727     | 0.0            | 0.2661    | 
728     | 0.0            | 0.266     | 
729     | 0.0            | 0.2659    | 
730     | 0.0            | 0.2659    | 
731     | 0.0            | 0.2659    | 
732     | 0.0            | 0.2658    | 
733     | 0.0            | 0.2658    | 
734     | 0.0            | 0.2659    | 
735     | 0.0            | 0.2658    | 
736     | 0.0            | 0.2657    | 
737     | 0.0            | 0.2657    | 
738     | 0.0            | 0.2656    | 
739     | 0.0            | 0.2656    | 
740     | 0.0            | 0.2656    | 
741     | 0.0            | 0.2656    | 
742     | 0.0            | 0.2656    | 
743     | 0.0            | 0.2654    | 
744     | 0.0            | 0.2653    | 
745     | 0.0            | 0.2652    | 
746     | 0.0            | 0.2652    | 
747     | 0.0            | 0.2652    | 
748     | 0.0            | 0.2651    | 
749     | 0.0            | 0.2651    | 
750     | 0.0            | 0.265     | 
751     | 0.0            | 0.265     | 
752     | 0.0            | 0.2649    | 
753     | 0.0            | 0.265     | 
754     | 0.0            | 0.2649    | 
755     | 0.0            | 0.2649    | 
756     | 0.0            | 0.2648    | 
757     | 0.0            | 0.2647    | 
758     | 0.0            | 0.2646    | 
759     | 0.0            | 0.2646    | 
760     | 0.0            | 0.2646    | 
761     | 0.0            | 0.2646    | 
762     | 0.0            | 0.2646    | 
763     | 0.0            | 0.2645    | 
764     | 0.0            | 0.2645    | 
765     | 0.0            | 0.2644    | 
766     | 0.0            | 0.2644    | 
767     | 0.0            | 0.2644    | 
768     | 0.0            | 0.2643    | 
769     | 0.0            | 0.2643    | 
770     | 0.0            | 0.2643    | 
771     | 0.0            | 0.2642    | 
772     | 0.0            | 0.2642    | 
773     | 0.0            | 0.2642    | 
774     | 0.0            | 0.2642    | 
775     | 0.0            | 0.2641    | 
776     | 0.0            | 0.2641    | 
777     | 0.0            | 0.2641    | 
778     | 0.0            | 0.2641    | 
779     | 0.0            | 0.264     | 
780     | 0.0            | 0.264     | 
781     | 0.0            | 0.2639    | 
782     | 0.0            | 0.2639    | 
783     | 0.0            | 0.2639    | 
784     | 0.0            | 0.2639    | 
785     | 0.0            | 0.2638    | 
786     | 0.0            | 0.2637    | 
787     | 0.0            | 0.2636    | 
788     | 0.0            | 0.2636    | 
789     | 0.0            | 0.2633    | 
790     | 0.0            | 0.2633    | 
791     | 0.0            | 0.2633    | 
792     | 0.0            | 0.2626    | 
793     | 0.0            | 0.2626    | 
794     | 0.0            | 0.2625    | 
795     | 0.0            | 0.2624    | 
796     | 0.0            | 0.2624    | 
797     | 0.0            | 0.2623    | 
798     | 0.0            | 0.2623    | 
799     | 0.0            | 0.2623    | 
800     | 0.0            | 0.2623    | 
801     | 0.0            | 0.2621    | 
802     | 0.0            | 0.2621    | 
803     | 0.0            | 0.2622    | 
804     | 0.0            | 0.2622    | 
805     | 0.0            | 0.2622    | 
806     | 0.0            | 0.2623    | 
807     | 0.0            | 0.2624    | 
808     | 0.0            | 0.2622    | 
809     | 0.0            | 0.2622    | 
810     | 0.0            | 0.262     | 
811     | 0.0            | 0.2619    | 
812     | 0.0            | 0.2619    | 
813     | 0.0            | 0.2619    | 
814     | 0.0            | 0.2619    | 
815     | 0.0            | 0.2619    | 
816     | 0.0            | 0.262     | 
817     | 0.0            | 0.2619    | 
818     | 0.0            | 0.262     | 
819     | 0.0            | 0.2619    | 
820     | 0.0            | 0.2619    | 
821     | 0.0            | 0.262     | 
822     | 0.0            | 0.2619    | 
823     | 0.0            | 0.2618    | 
824     | 0.0            | 0.2618    | 
825     | 0.0            | 0.2618    | 
826     | 0.0            | 0.2617    | 
827     | 0.0            | 0.2617    | 
828     | 0.0            | 0.2616    | 
829     | 0.0            | 0.2616    | 
830     | 0.0            | 0.2616    | 
831     | 0.0            | 0.2616    | 
832     | 0.0            | 0.2616    | 
833     | 0.0            | 0.2616    | 
834     | 0.0            | 0.2616    | 
835     | 0.0            | 0.2615    | 
836     | 0.0            | 0.2616    | 
837     | 0.0            | 0.2614    | 
838     | 0.0            | 0.2614    | 
839     | 0.0            | 0.2614    | 
840     | 0.0            | 0.2614    | 
841     | 0.0            | 0.2614    | 
842     | 0.0            | 0.2614    | 
843     | 0.0            | 0.2614    | 
844     | 0.0            | 0.2614    | 
845     | 0.0            | 0.2614    | 
846     | 0.0            | 0.2613    | 
847     | 0.0            | 0.2613    | 
848     | 0.0            | 0.2614    | 
849     | 0.0            | 0.2614    | 
850     | 0.0            | 0.2614    | 
851     | 0.0            | 0.2614    | 
852     | 0.0            | 0.2613    | 
853     | 0.0            | 0.2614    | 
854     | 0.0            | 0.2614    | 
855     | 0.0            | 0.2613    | 
856     | 0.0            | 0.2611    | 
857     | 0.0            | 0.2613    | 
858     | 0.0            | 0.2612    | 
859     | 0.0            | 0.2612    | 
860     | 0.0            | 0.2613    | 
861     | 0.0            | 0.2613    | 
862     | 0.0            | 0.2601    | 
863     | 0.0            | 0.2613    | 
864     | 0.0            | 0.2598    | 
865     | 0.0            | 0.2606    | 
866     | 0.0            | 0.26      | 
867     | 0.0            | 0.2604    | 
868     | 0.0            | 0.2596    | 
869     | 0.0            | 0.261     | 
870     | 0.0            | 0.2596    | 
871     | 0.0            | 0.2601    | 
872     | 0.0            | 0.2603    | 
873     | 0.0            | 0.2594    | 
874     | 0.0            | 0.2595    | 
875     | 0.0            | 0.2608    | 
876     | 0.0            | 0.2606    | 
877     | 0.0            | 0.2599    | 
878     | 0.0            | 0.2591    | 
879     | 0.0            | 0.2593    | 
880     | 0.0            | 0.2598    | 
881     | 0.0            | 0.2593    | 
882     | 0.0            | 0.2585    | 
883     | 0.0            | 0.259     | 
884     | 0.0            | 0.2593    | 
885     | 0.0            | 0.2585    | 
886     | 0.0            | 0.2584    | 
887     | 0.0            | 0.2595    | 
888     | 0.0            | 0.2597    | 
889     | 0.0            | 0.2586    | 
890     | 0.0            | 0.2594    | 
891     | 0.0            | 0.259     | 
892     | 0.0            | 0.2588    | 
893     | 0.0            | 0.2597    | 
894     | 0.0            | 0.2583    | 
895     | 0.0            | 0.2585    | 
896     | 0.0            | 0.2585    | 
897     | 0.0            | 0.2585    | 
898     | 0.0            | 0.258     | 
899     | 0.0            | 0.2588    | 
900     | 0.0            | 0.2589    | 
901     | 0.0            | 0.2586    | 
902     | 0.0            | 0.2575    | 
903     | 0.0            | 0.259     | 
904     | 0.0            | 0.2582    | 
905     | 0.0            | 0.2588    | 
906     | 0.0            | 0.2597    | 
907     | 0.0            | 0.2607    | 
908     | 0.0            | 0.2599    | 
909     | 0.0            | 0.2562    | 
910     | 0.0            | 0.2542    | 
911     | 0.0            | 0.2535    | 
912     | 0.0            | 0.2557    | 
913     | 0.0            | 0.2519    | 
914     | 0.0            | 0.2532    | 
915     | 0.0            | 0.2526    | 
916     | 0.0            | 0.2513    | 
917     | 0.0            | 0.2509    | 
918     | 0.0            | 0.2502    | 
919     | 0.0            | 0.2512    | 
920     | 0.0            | 0.2512    | 
921     | 0.0            | 0.2518    | 
922     | 0.0            | 0.2511    | 
923     | 0.0            | 0.2509    | 
924     | 0.0            | 0.2501    | 
925     | 0.0            | 0.2484    | 
926     | 0.0            | 0.2477    | 
927     | 0.0            | 0.2484    | 
928     | 0.0            | 0.2476    | 
929     | 0.0            | 0.2477    | 
930     | 0.0            | 0.2483    | 
931     | 0.0            | 0.2469    | 
932     | 0.0            | 0.2477    | 
933     | 0.0            | 0.2481    | 
934     | 0.0            | 0.2473    | 
935     | 0.0            | 0.2481    | 
936     | 0.0            | 0.2492    | 
937     | 0.0            | 0.2492    | 
938     | 0.0            | 0.247     | 
939     | 0.0            | 0.2469    | 
940     | 0.0            | 0.2458    | 
941     | 0.0            | 0.2446    | 
942     | 0.0            | 0.2456    | 
943     | 0.0            | 0.2455    | 
944     | 0.0            | 0.2438    | 
945     | 0.0            | 0.245     | 
946     | 0.0            | 0.2469    | 
947     | 0.0            | 0.2457    | 
948     | 0.0            | 0.2458    | 
949     | 0.0            | 0.2452    | 
950     | 0.0            | 0.2455    | 
951     | 0.0            | 0.2455    | 
952     | 0.0            | 0.2469    | 
953     | 0.0            | 0.2448    | 
954     | 0.0            | 0.244     | 
955     | 0.0            | 0.2429    | 
956     | 0.0            | 0.2443    | 
957     | 0.0            | 0.2429    | 
958     | 0.0            | 0.2414    | 
959     | 0.0            | 0.2438    | 
960     | 0.0            | 0.2428    | 
961     | 0.0            | 0.2429    | 
962     | 0.0            | 0.2391    | 
963     | 0.0            | 0.2429    | 
964     | 0.0            | 0.2428    | 
965     | 0.0            | 0.2425    | 
966     | 0.0            | 0.2403    | 
967     | 0.0            | 0.2429    | 
968     | 0.0            | 0.2442    | 
969     | 0.0            | 0.2441    | 
970     | 0.0            | 0.2455    | 
971     | 0.0            | 0.2447    | 
972     | 0.0            | 0.2425    | 
973     | 0.0            | 0.2411    | 
974     | 0.0            | 0.237     | 
975     | 0.0            | 0.237     | 
976     | 0.0            | 0.2362    | 
977     | 0.0            | 0.2347    | 
978     | 0.0            | 0.2357    | 
979     | 0.0            | 0.2353    | 
980     | 0.0            | 0.2356    | 
981     | 0.0            | 0.2355    | 
982     | 0.0            | 0.2342    | 
983     | 0.0            | 0.2365    | 
984     | 0.0            | 0.2386    | 
985     | 0.0            | 0.2385    | 
986     | 0.0            | 0.239     | 
987     | 0.0            | 0.2385    | 
988     | 0.0            | 0.2378    | 
989     | 0.0            | 0.2387    | 
990     | 0.0            | 0.2376    | 
991     | 0.0            | 0.2371    | 
992     | 0.0            | 0.2363    | 
993     | 0.0            | 0.2363    | 
994     | 0.0            | 0.2366    | 
995     | 0.0            | 0.2374    | 
996     | 0.0            | 0.2385    | 
997     | 0.0            | 0.2377    | 
998     | 0.0            | 0.2395    | 
999     | 0.0            | 0.2407    | 
1000    | 0.0            | 0.2389    | 
1001    | 0.0            | 0.2366    | 
1002    | 0.0            | 0.2392    | 
1003    | 0.0            | 0.2387    | 
1004    | 0.0            | 0.2396    | 
1005    | 0.0            | 0.2384    | 
1006    | 0.0            | 0.2384    | 
1007    | 0.0            | 0.2377    | 
1008    | 0.0            | 0.2383    | 
1009    | 0.0            | 0.2376    | 
1010    | 0.0            | 0.2372    | 
1011    | 0.0            | 0.2373    | 
1012    | 0.0            | 0.2369    | 
1013    | 0.0            | 0.2356    | 
1014    | 0.0            | 0.2346    | 
1015    | 0.0            | 0.2343    | 
1016    | 0.0            | 0.2339    | 
1017    | 0.0            | 0.2327    | 
1018    | 0.0            | 0.2326    | 
1019    | 0.0            | 0.232     | 
1020    | 0.0            | 0.2319    | 
1021    | 0.0            | 0.2319    | 
1022    | 0.0            | 0.2314    | 
1023    | 0.0            | 0.231     | 
1024    | 0.0            | 0.2315    | 
1025    | 0.0            | 0.2309    | 
1026    | 0.0            | 0.2321    | 
1027    | 0.0            | 0.2312    | 
1028    | 0.0            | 0.2322    | 
1029    | 0.0            | 0.2321    | 
1030    | 0.0            | 0.2317    | 
1031    | 0.0            | 0.2312    | 
1032    | 0.0            | 0.2309    | 
1033    | 0.0            | 0.2302    | 
1034    | 0.0            | 0.2296    | 
1035    | 0.0            | 0.2296    | 
1036    | 0.0            | 0.2294    | 
1037    | 0.0            | 0.2296    | 
1038    | 0.0            | 0.231     | 
1039    | 0.0            | 0.2307    | 
1040    | 0.0            | 0.2306    | 
1041    | 0.0            | 0.2303    | 
1042    | 0.0            | 0.2298    | 
1043    | 0.0            | 0.2299    | 
1044    | 0.0            | 0.2298    | 
1045    | 0.0            | 0.229     | 
1046    | 0.0            | 0.2286    | 
1047    | 0.0            | 0.2295    | 
1048    | 0.0            | 0.2295    | 
1049    | 0.0            | 0.2293    | 
1050    | 0.0            | 0.2292    | 
1051    | 0.0            | 0.2296    | 
1052    | 0.0            | 0.2295    | 
1053    | 0.0            | 0.2292    | 
1054    | 0.0            | 0.2292    | 
1055    | 0.0            | 0.2293    | 
1056    | 0.0            | 0.2296    | 
1057    | 0.0            | 0.2296    | 
1058    | 0.0            | 0.2296    | 
1059    | 0.0            | 0.2296    | 
1060    | 0.0            | 0.2296    | 
1061    | 0.0            | 0.2299    | 
1062    | 0.0            | 0.2298    | 
1063    | 0.0            | 0.2297    | 
1064    | 0.0            | 0.2295    | 
1065    | 0.0            | 0.2296    | 
1066    | 0.0            | 0.2298    | 
1067    | 0.0            | 0.2296    | 
1068    | 0.0            | 0.2298    | 
1069    | 0.0            | 0.2295    | 
1070    | 0.0            | 0.2292    | 
1071    | 0.0            | 0.2289    | 
1072    | 0.0            | 0.2297    | 
1073    | 0.0            | 0.2307    | 
1074    | 0.0            | 0.2308    | 
1075    | 0.0            | 0.231     | 
1076    | 0.0            | 0.2312    | 
1077    | 0.0            | 0.2311    | 
1078    | 0.0            | 0.2302    | 
1079    | 0.0            | 0.2299    | 
1080    | 0.0            | 0.2298    | 
1081    | 0.0            | 0.2295    | 
1082    | 0.0            | 0.2292    | 
1083    | 0.0            | 0.2289    | 
1084    | 0.0            | 0.2289    | 
1085    | 0.0            | 0.2286    | 
1086    | 0.0            | 0.2282    | 
1087    | 0.0            | 0.2278    | 
1088    | 0.0            | 0.2277    | 
1089    | 0.0            | 0.2274    | 
1090    | 0.0            | 0.2273    | 
1091    | 0.0            | 0.2272    | 
1092    | 0.0            | 0.227     | 
1093    | 0.0            | 0.227     | 
1094    | 0.0            | 0.2266    | 
1095    | 0.0            | 0.2266    | 
1096    | 0.0            | 0.2267    | 
1097    | 0.0            | 0.2269    | 
1098    | 0.0            | 0.2271    | 
1099    | 0.0            | 0.2269    | 
1100    | 0.0            | 0.227     | 
1101    | 0.0            | 0.2269    | 
1102    | 0.0            | 0.227     | 
1103    | 0.0            | 0.2268    | 
1104    | 0.0            | 0.2272    | 
1105    | 0.0            | 0.2273    | 
1106    | 0.0            | 0.2271    | 
1107    | 0.0            | 0.2271    | 
1108    | 0.0            | 0.227     | 
1109    | 0.0            | 0.2269    | 
1110    | 0.0            | 0.2272    | 
1111    | 0.0            | 0.2273    | 
1112    | 0.0            | 0.2271    | 
1113    | 0.0            | 0.2267    | 
1114    | 0.0            | 0.2267    | 
1115    | 0.0            | 0.2266    | 
1116    | 0.0            | 0.2262    | 
1117    | 0.0            | 0.2259    | 
1118    | 0.0            | 0.226     | 
1119    | 0.0            | 0.226     | 
1120    | 0.0            | 0.226     | 
1121    | 0.0            | 0.2255    | 
1122    | 0.0            | 0.2257    | 
1123    | 0.0            | 0.2252    | 
1124    | 0.0            | 0.2248    | 
1125    | 0.0            | 0.2238    | 
1126    | 0.0            | 0.2234    | 
1127    | 0.0            | 0.2232    | 
1128    | 0.0            | 0.2229    | 
1129    | 0.0            | 0.2228    | 
1130    | 0.0            | 0.2229    | 
1131    | 0.0            | 0.2231    | 
1132    | 0.0            | 0.2231    | 
1133    | 0.0            | 0.2228    | 
1134    | 0.0            | 0.2224    | 
1135    | 0.0            | 0.2224    | 
1136    | 0.0            | 0.2224    | 
1137    | 0.0            | 0.2222    | 
1138    | 0.0            | 0.2221    | 
1139    | 0.0            | 0.222     | 
1140    | 0.0            | 0.2221    | 
1141    | 0.0            | 0.222     | 
1142    | 0.0            | 0.2219    | 
1143    | 0.0            | 0.2229    | 
1144    | 0.0            | 0.223     | 
1145    | 0.0            | 0.2232    | 
1146    | 0.0            | 0.2233    | 
1147    | 0.0            | 0.223     | 
1148    | 0.0            | 0.2229    | 
1149    | 0.0            | 0.2228    | 
1150    | 0.0            | 0.223     | 
1151    | 0.0            | 0.2229    | 
1152    | 0.0            | 0.2226    | 
1153    | 0.0            | 0.2223    | 
1154    | 0.0            | 0.2225    | 
1155    | 0.0            | 0.2225    | 
1156    | 0.0            | 0.2227    | 
1157    | 0.0            | 0.2225    | 
1158    | 0.0            | 0.2225    | 
1159    | 0.0            | 0.2224    | 
1160    | 0.0            | 0.2222    | 
1161    | 0.0            | 0.2222    | 
1162    | 0.0            | 0.2219    | 
1163    | 0.0            | 0.2219    | 
1164    | 0.0            | 0.2221    | 
1165    | 0.0            | 0.222     | 
1166    | 0.0            | 0.222     | 
1167    | 0.0            | 0.2218    | 
1168    | 0.0            | 0.2216    | 
1169    | 0.0            | 0.2216    | 
1170    | 0.0            | 0.2216    | 
1171    | 0.0            | 0.2214    | 
1172    | 0.0            | 0.2213    | 
1173    | 0.0            | 0.2213    | 
1174    | 0.0            | 0.221     | 
1175    | 0.0            | 0.2209    | 
1176    | 0.0            | 0.2208    | 
1177    | 0.0            | 0.2208    | 
1178    | 0.0            | 0.2208    | 
1179    | 0.0            | 0.2208    | 
1180    | 0.0            | 0.2207    | 
1181    | 0.0            | 0.2206    | 
1182    | 0.0            | 0.2207    | 
1183    | 0.0            | 0.2208    | 
1184    | 0.0            | 0.2207    | 
1185    | 0.0            | 0.2206    | 
1186    | 0.0            | 0.2203    | 
1187    | 0.0            | 0.2195    | 
1188    | 0.0            | 0.2193    | 
1189    | 0.0            | 0.2192    | 
1190    | 0.0            | 0.219     | 
1191    | 0.0            | 0.2195    | 
1192    | 0.0            | 0.2194    | 
1193    | 0.0            | 0.2194    | 
1194    | 0.0            | 0.2192    | 
1195    | 0.0            | 0.2189    | 
1196    | 0.0            | 0.2193    | 
1197    | 0.0            | 0.2197    | 
1198    | 0.0            | 0.2202    | 
1199    | 0.0            | 0.2202    | 
1200    | 0.0            | 0.2207    | 
1201    | 0.0            | 0.2208    | 
1202    | 0.0            | 0.2207    | 
1203    | 0.0            | 0.2207    | 
1204    | 0.0            | 0.2209    | 
1205    | 0.0            | 0.2208    | 
1206    | 0.0            | 0.2208    | 
1207    | 0.0            | 0.2211    | 
1208    | 0.0            | 0.2211    | 
1209    | 0.0            | 0.2211    | 
1210    | 0.0            | 0.2209    | 
1211    | 0.0            | 0.2214    | 
1212    | 0.0            | 0.2213    | 
1213    | 0.0            | 0.2215    | 
1214    | 0.0            | 0.2213    | 
1215    | 0.0            | 0.2213    | 
1216    | 0.0            | 0.221     | 
1217    | 0.0            | 0.2209    | 
1218    | 0.0            | 0.2208    | 
1219    | 0.0            | 0.2209    | 
1220    | 0.0            | 0.2209    | 
1221    | 0.0            | 0.2209    | 
1222    | 0.0            | 0.2212    | 
1223    | 0.0            | 0.2212    | 
1224    | 0.0            | 0.2212    | 
1225    | 0.0            | 0.221     | 
1226    | 0.0            | 0.2225    | 
1227    | 0.0            | 0.2225    | 
1228    | 0.0            | 0.2225    | 
1229    | 0.0            | 0.2225    | 
1230    | 0.0            | 0.2224    | 
1231    | 0.0            | 0.2222    | 
1232    | 0.0            | 0.2221    | 
1233    | 0.0            | 0.2206    | 
1234    | 0.0            | 0.2206    | 
1235    | 0.0            | 0.2206    | 
1236    | 0.0            | 0.2207    | 
1237    | 0.0            | 0.2209    | 
1238    | 0.0            | 0.221     | 
1239    | 0.0            | 0.2209    | 
1240    | 0.0            | 0.221     | 
1241    | 0.0            | 0.2217    | 
1242    | 0.0            | 0.2216    | 
1243    | 0.0            | 0.2216    | 
1244    | 0.0            | 0.2215    | 
1245    | 0.0            | 0.2215    | 
1246    | 0.0            | 0.2215    | 
1247    | 0.0            | 0.2215    | 
1248    | 0.0            | 0.2214    | 
1249    | 0.0            | 0.2215    | 
1250    | 0.0            | 0.2213    | 
1251    | 0.0            | 0.2213    | 
1252    | 0.0            | 0.2212    | 
1253    | 0.0            | 0.221     | 
1254    | 0.0            | 0.221     | 
1255    | 0.0            | 0.221     | 
1256    | 0.0            | 0.2211    | 
1257    | 0.0            | 0.2209    | 
1258    | 0.0            | 0.2207    | 
1259    | 0.0            | 0.2208    | 
1260    | 0.0            | 0.2208    | 
1261    | 0.0            | 0.2208    | 
1262    | 0.0            | 0.2208    | 
1263    | 0.0            | 0.2206    | 
1264    | 0.0            | 0.2205    | 
1265    | 0.0            | 0.2204    | 
1266    | 0.0            | 0.2203    | 
1267    | 0.0            | 0.2203    | 
1268    | 0.0            | 0.2204    | 
1269    | 0.0            | 0.2202    | 
1270    | 0.0            | 0.2203    | 
1271    | 0.0            | 0.2201    | 
1272    | 0.0            | 0.2202    | 
1273    | 0.0            | 0.2203    | 
1274    | 0.0            | 0.2203    | 
1275    | 0.0            | 0.2202    | 
1276    | 0.0            | 0.2201    | 
1277    | 0.0            | 0.2202    | 
1278    | 0.0            | 0.2201    | 
1279    | 0.0            | 0.2201    | 
1280    | 0.0            | 0.2201    | 
1281    | 0.0            | 0.2201    | 
1282    | 0.0            | 0.22      | 
1283    | 0.0            | 0.2199    | 
1284    | 0.0            | 0.2199    | 
1285    | 0.0            | 0.2199    | 
1286    | 0.0            | 0.2199    | 
1287    | 0.0            | 0.2199    | 
1288    | 0.0            | 0.2202    | 
1289    | 0.0            | 0.2199    | 
1290    | 0.0            | 0.22      | 
1291    | 0.0            | 0.22      | 
1292    | 0.0            | 0.2199    | 
1293    | 0.0            | 0.2199    | 
1294    | 0.0            | 0.2199    | 
1295    | 0.0            | 0.2198    | 
1296    | 0.0            | 0.2198    | 
1297    | 0.0            | 0.2199    | 
1298    | 0.0            | 0.22      | 
1299    | 0.0            | 0.22      | 
1300    | 0.0            | 0.2199    | 
1301    | 0.0            | 0.2199    | 
1302    | 0.0            | 0.2199    | 
1303    | 0.0            | 0.2199    | 
1304    | 0.0            | 0.2198    | 
1305    | 0.0            | 0.2199    | 
1306    | 0.0            | 0.2196    | 
1307    | 0.0            | 0.2195    | 
1308    | 0.0            | 0.2194    | 
1309    | 0.0            | 0.2192    | 
1310    | 0.0            | 0.2191    | 
1311    | 0.0            | 0.2191    | 
1312    | 0.0            | 0.219     | 
1313    | 0.0            | 0.2189    | 
1314    | 0.0            | 0.2188    | 
1315    | 0.0            | 0.2188    | 
1316    | 0.0            | 0.2189    | 
1317    | 0.0            | 0.2188    | 
1318    | 0.0            | 0.2188    | 
1319    | 0.0            | 0.2187    | 
1320    | 0.0            | 0.2187    | 
1321    | 0.0            | 0.2185    | 
1322    | 0.0            | 0.2184    | 
1323    | 0.0            | 0.2185    | 
1324    | 0.0            | 0.2186    | 
1325    | 0.0            | 0.2185    | 
1326    | 0.0            | 0.2184    | 
1327    | 0.0            | 0.2184    | 
1328    | 0.0            | 0.2184    | 
1329    | 0.0            | 0.2184    | 
1330    | 0.0            | 0.2184    | 
1331    | 0.0            | 0.2183    | 
1332    | 0.0            | 0.2178    | 
1333    | 0.0            | 0.2178    | 
1334    | 0.0            | 0.2181    | 
1335    | 0.0            | 0.218     | 
1336    | 0.0            | 0.2181    | 
1337    | 0.0            | 0.2181    | 
1338    | 0.0            | 0.2179    | 
1339    | 0.0            | 0.218     | 
1340    | 0.0            | 0.2179    | 
1341    | 0.0            | 0.2179    | 
1342    | 0.0            | 0.2177    | 
1343    | 0.0            | 0.2177    | 
1344    | 0.0            | 0.2177    | 
1345    | 0.0            | 0.2177    | 
1346    | 0.0            | 0.2175    | 
1347    | 0.0            | 0.2172    | 
1348    | 0.0            | 0.2172    | 
1349    | 0.0            | 0.2172    | 
1350    | 0.0            | 0.2173    | 
1351    | 0.0            | 0.2181    | 
1352    | 0.0            | 0.218     | 
1353    | 0.0            | 0.2181    | 
1354    | 0.0            | 0.2181    | 
1355    | 0.0            | 0.218     | 
1356    | 0.0            | 0.2181    | 
1357    | 0.0            | 0.2181    | 
1358    | 0.0            | 0.2186    | 
1359    | 0.0            | 0.2185    | 
1360    | 0.0            | 0.2184    | 
1361    | 0.0            | 0.2184    | 
1362    | 0.0            | 0.2183    | 
1363    | 0.0            | 0.2183    | 
1364    | 0.0            | 0.2182    | 
1365    | 0.0            | 0.2181    | 
1366    | 0.0            | 0.2182    | 
1367    | 0.0            | 0.2181    | 
1368    | 0.0            | 0.2182    | 
1369    | 0.0            | 0.2182    | 
1370    | 0.0            | 0.2182    | 
1371    | 0.0            | 0.2185    | 
1372    | 0.0            | 0.2185    | 
1373    | 0.0            | 0.2185    | 
1374    | 0.0            | 0.2185    | 
1375    | 0.0            | 0.2185    | 
1376    | 0.0            | 0.2185    | 
1377    | 0.0            | 0.2185    | 
1378    | 0.0            | 0.2185    | 
1379    | 0.0            | 0.2185    | 
1380    | 0.0            | 0.2185    | 
1381    | 0.0            | 0.2185    | 
1382    | 0.0            | 0.2182    | 
1383    | 0.0            | 0.2181    | 
1384    | 0.0            | 0.2182    | 
1385    | 0.0            | 0.2182    | 
1386    | 0.0            | 0.218     | 
1387    | 0.0            | 0.2178    | 
1388    | 0.0            | 0.2178    | 
1389    | 0.0            | 0.2176    | 
1390    | 0.0            | 0.2176    | 
1391    | 0.0            | 0.2177    | 
1392    | 0.0            | 0.2176    | 
1393    | 0.0            | 0.2176    | 
1394    | 0.0            | 0.2176    | 
1395    | 0.0            | 0.2175    | 
1396    | 0.0            | 0.2177    | 
1397    | 0.0            | 0.2178    | 
1398    | 0.0            | 0.2178    | 
1399    | 0.0            | 0.2177    | 
1400    | 0.0            | 0.2177    | 
1401    | 0.0            | 0.2178    | 
1402    | 0.0            | 0.2178    | 
1403    | 0.0            | 0.2176    | 
1404    | 0.0            | 0.2177    | 
1405    | 0.0            | 0.2176    | 
1406    | 0.0            | 0.2178    | 
1407    | 0.0            | 0.2178    | 
1408    | 0.0            | 0.2177    | 
1409    | 0.0            | 0.2177    | 
1410    | 0.0            | 0.2177    | 
1411    | 0.0            | 0.2176    | 
1412    | 0.0            | 0.2176    | 
1413    | 0.0            | 0.2179    | 
1414    | 0.0            | 0.218     | 
1415    | 0.0            | 0.218     | 
1416    | 0.0            | 0.2178    | 
1417    | 0.0            | 0.2179    | 
1418    | 0.0            | 0.2178    | 
1419    | 0.0            | 0.2177    | 
1420    | 0.0            | 0.2177    | 
1421    | 0.0            | 0.2177    | 
1422    | 0.0            | 0.2177    | 
1423    | 0.0            | 0.2178    | 
1424    | 0.0            | 0.2178    | 
1425    | 0.0            | 0.2178    | 
1426    | 0.0            | 0.2178    | 
1427    | 0.0            | 0.218     | 
1428    | 0.0            | 0.2181    | 
1429    | 0.0            | 0.2181    | 
1430    | 0.0            | 0.2181    | 
1431    | 0.0            | 0.2181    | 
1432    | 0.0            | 0.2181    | 
1433    | 0.0            | 0.2178    | 
1434    | 0.0            | 0.2178    | 
1435    | 0.0            | 0.2178    | 
1436    | 0.0            | 0.2178    | 
1437    | 0.0            | 0.2178    | 
1438    | 0.0            | 0.2178    | 
1439    | 0.0            | 0.2177    | 
1440    | 0.0            | 0.2177    | 
1441    | 0.0            | 0.2177    | 
1442    | 0.0            | 0.2177    | 
1443    | 0.0            | 0.2177    | 
1444    | 0.0            | 0.2177    | 
1445    | 0.0            | 0.2177    | 
1446    | 0.0            | 0.2177    | 
1447    | 0.0            | 0.2177    | 
1448    | 0.0            | 0.2177    | 
1449    | 0.0            | 0.2175    | 
1450    | 0.0            | 0.2175    | 
1451    | 0.0            | 0.2175    | 
1452    | 0.0            | 0.2175    | 
1453    | 0.0            | 0.2176    | 
1454    | 0.0            | 0.2175    | 
1455    | 0.0            | 0.2175    | 
1456    | 0.0            | 0.2174    | 
1457    | 0.0            | 0.2175    | 
1458    | 0.0            | 0.2176    | 
1459    | 0.0            | 0.2174    | 
1460    | 0.0            | 0.2174    | 
1461    | 0.0            | 0.2174    | 
1462    | 0.0            | 0.2175    | 
1463    | 0.0            | 0.2175    | 
1464    | 0.0            | 0.2175    | 
1465    | 0.0            | 0.2174    | 
1466    | 0.0            | 0.2174    | 
1467    | 0.0            | 0.2173    | 
1468    | 0.0            | 0.2174    | 
1469    | 0.0            | 0.2173    | 
1470    | 0.0            | 0.2173    | 
1471    | 0.0            | 0.2173    | 
1472    | 0.0            | 0.2173    | 
1473    | 0.0            | 0.2173    | 
1474    | 0.0            | 0.2173    | 
1475    | 0.0            | 0.2171    | 
1476    | 0.0            | 0.2172    | 
1477    | 0.0            | 0.2171    | 
1478    | 0.0            | 0.217     | 
1479    | 0.0            | 0.217     | 
1480    | 0.0            | 0.2174    | 
1481    | 0.0            | 0.2174    | 
1482    | 0.0            | 0.2173    | 
1483    | 0.0            | 0.2173    | 
1484    | 0.0            | 0.2173    | 
1485    | 0.0            | 0.2173    | 
1486    | 0.0            | 0.2173    | 
1487    | 0.0            | 0.2173    | 
1488    | 0.0            | 0.2173    | 
1489    | 0.0            | 0.2171    | 
1490    | 0.0            | 0.217     | 
1491    | 0.0            | 0.217     | 
1492    | 0.0            | 0.217     | 
1493    | 0.0            | 0.217     | 
1494    | 0.0            | 0.2169    | 
1495    | 0.0            | 0.2168    | 
1496    | 0.0            | 0.2167    | 
1497    | 0.0            | 0.2167    | 
1498    | 0.0            | 0.2166    | 
1499    | 0.0            | 0.2166    | 
1500    | 0.0            | 0.2166    | 
--------------------------------------------------
Finished sucessfully.
MAP on training data: 0.2166
---------------------------------

Model saved to: EXP_DIR/output/Exp-2.3d.Model

Discard orig. features
Model file:	EXP_DIR/output/Exp-2.3d.Model
Feature normalization: No
Model:		ListNet

Reading feature file [EXP_DIR/output/Exp-2.3d.LtrTest]: 0... 
Reading feature file [EXP_DIR/output/Exp-2.3d.LtrTest]... [Done.]            
(12 ranked lists, 1200 entries read)

-- task_1:ranker: inRankFile --


-- task_3:reranker: ltr --


-- task_4:output: trec_eval --

Time:  22.1 secs
[2026-03-18 00:00:36] END QryEval EXP_DIR/params/Exp-2.3d.param (exit 0)

[2026-03-18 00:00:36] Running EXP_DIR/params/Exp-2.3e.param
[2026-03-18 00:00:36] BEGIN QryEval EXP_DIR/params/Exp-2.3e.param
[2026-03-18 00:00:36] COMMAND /opt/anaconda3/envs/11x42-26S-a/bin/python QryEval.py EXP_DIR/params/Exp-2.3e.param

Discard orig. features
Training data:	EXP_DIR/output/Exp-2.3e.LtrTrain
Feature vector representation: Dense.
Ranking method:	ListNet
Feature description file:	Unspecified. All features will be used.
Train metric:	MAP
Test metric:	MAP
Feature normalization: No
Model file: EXP_DIR/output/Exp-2.3e.Model

[+] ListNet's Parameters:
No. of epochs: 1500
Learning rate: 1.0E-5


Reading feature file [EXP_DIR/output/Exp-2.3e.LtrTrain]: 0... 
Reading feature file [EXP_DIR/output/Exp-2.3e.LtrTrain]... [Done.]            
(47 ranked lists, 9585 entries read)
Initializing... [Done]
-----------------------------------------
Training starts...
--------------------------------------------------
#epoch  | C.E. Loss      | MAP-T     | MAP-V     | 
--------------------------------------------------
1       | 0.0            | 0.2447    | 
2       | 0.0            | 0.2447    | 
3       | 0.0            | 0.2453    | 
4       | 0.0            | 0.2453    | 
5       | 0.0            | 0.2455    | 
6       | 0.0            | 0.246     | 
7       | 0.0            | 0.2463    | 
8       | 0.0            | 0.2465    | 
9       | 0.0            | 0.2468    | 
10      | 0.0            | 0.247     | 
11      | 0.0            | 0.2476    | 
12      | 0.0            | 0.2477    | 
13      | 0.0            | 0.2478    | 
14      | 0.0            | 0.2481    | 
15      | 0.0            | 0.2508    | 
16      | 0.0            | 0.2512    | 
17      | 0.0            | 0.2513    | 
18      | 0.0            | 0.2512    | 
19      | 0.0            | 0.2512    | 
20      | 0.0            | 0.2512    | 
21      | 0.0            | 0.2515    | 
22      | 0.0            | 0.2518    | 
23      | 0.0            | 0.2519    | 
24      | 0.0            | 0.2523    | 
25      | 0.0            | 0.2526    | 
26      | 0.0            | 0.2526    | 
27      | 0.0            | 0.2528    | 
28      | 0.0            | 0.2531    | 
29      | 0.0            | 0.253     | 
30      | 0.0            | 0.2531    | 
31      | 0.0            | 0.2537    | 
32      | 0.0            | 0.2538    | 
33      | 0.0            | 0.2538    | 
34      | 0.0            | 0.2539    | 
35      | 0.0            | 0.2542    | 
36      | 0.0            | 0.2542    | 
37      | 0.0            | 0.2543    | 
38      | 0.0            | 0.2546    | 
39      | 0.0            | 0.2548    | 
40      | 0.0            | 0.2547    | 
41      | 0.0            | 0.255     | 
42      | 0.0            | 0.2548    | 
43      | 0.0            | 0.255     | 
44      | 0.0            | 0.2554    | 
45      | 0.0            | 0.2553    | 
46      | 0.0            | 0.2557    | 
47      | 0.0            | 0.2559    | 
48      | 0.0            | 0.2563    | 
49      | 0.0            | 0.2563    | 
50      | 0.0            | 0.2564    | 
51      | 0.0            | 0.257     | 
52      | 0.0            | 0.2571    | 
53      | 0.0            | 0.2578    | 
54      | 0.0            | 0.2579    | 
55      | 0.0            | 0.258     | 
56      | 0.0            | 0.2584    | 
57      | 0.0            | 0.2584    | 
58      | 0.0            | 0.2584    | 
59      | 0.0            | 0.259     | 
60      | 0.0            | 0.2591    | 
61      | 0.0            | 0.2593    | 
62      | 0.0            | 0.2596    | 
63      | 0.0            | 0.2598    | 
64      | 0.0            | 0.26      | 
65      | 0.0            | 0.2604    | 
66      | 0.0            | 0.2605    | 
67      | 0.0            | 0.2607    | 
68      | 0.0            | 0.2611    | 
69      | 0.0            | 0.2611    | 
70      | 0.0            | 0.2613    | 
71      | 0.0            | 0.2614    | 
72      | 0.0            | 0.2619    | 
73      | 0.0            | 0.262     | 
74      | 0.0            | 0.2623    | 
75      | 0.0            | 0.2625    | 
76      | 0.0            | 0.2623    | 
77      | 0.0            | 0.2625    | 
78      | 0.0            | 0.2628    | 
79      | 0.0            | 0.2632    | 
80      | 0.0            | 0.2635    | 
81      | 0.0            | 0.2638    | 
82      | 0.0            | 0.264     | 
83      | 0.0            | 0.2643    | 
84      | 0.0            | 0.2649    | 
85      | 0.0            | 0.2652    | 
86      | 0.0            | 0.2655    | 
87      | 0.0            | 0.2659    | 
88      | 0.0            | 0.266     | 
89      | 0.0            | 0.2663    | 
90      | 0.0            | 0.2664    | 
91      | 0.0            | 0.2667    | 
92      | 0.0            | 0.267     | 
93      | 0.0            | 0.2671    | 
94      | 0.0            | 0.2679    | 
95      | 0.0            | 0.2683    | 
96      | 0.0            | 0.2685    | 
97      | 0.0            | 0.2687    | 
98      | 0.0            | 0.269     | 
99      | 0.0            | 0.269     | 
100     | 0.0            | 0.2692    | 
101     | 0.0            | 0.2699    | 
102     | 0.0            | 0.27      | 
103     | 0.0            | 0.2703    | 
104     | 0.0            | 0.2711    | 
105     | 0.0            | 0.2716    | 
106     | 0.0            | 0.2717    | 
107     | 0.0            | 0.2716    | 
108     | 0.0            | 0.2718    | 
109     | 0.0            | 0.2719    | 
110     | 0.0            | 0.2722    | 
111     | 0.0            | 0.2723    | 
112     | 0.0            | 0.2724    | 
113     | 0.0            | 0.2725    | 
114     | 0.0            | 0.2727    | 
115     | 0.0            | 0.2728    | 
116     | 0.0            | 0.273     | 
117     | 0.0            | 0.2731    | 
118     | 0.0            | 0.2733    | 
119     | 0.0            | 0.2735    | 
120     | 0.0            | 0.2734    | 
121     | 0.0            | 0.2737    | 
122     | 0.0            | 0.274     | 
123     | 0.0            | 0.2739    | 
124     | 0.0            | 0.2739    | 
125     | 0.0            | 0.274     | 
126     | 0.0            | 0.2741    | 
127     | 0.0            | 0.2742    | 
128     | 0.0            | 0.2744    | 
129     | 0.0            | 0.2746    | 
130     | 0.0            | 0.2747    | 
131     | 0.0            | 0.2748    | 
132     | 0.0            | 0.2749    | 
133     | 0.0            | 0.2751    | 
134     | 0.0            | 0.2752    | 
135     | 0.0            | 0.2754    | 
136     | 0.0            | 0.2756    | 
137     | 0.0            | 0.2755    | 
138     | 0.0            | 0.2757    | 
139     | 0.0            | 0.2758    | 
140     | 0.0            | 0.2759    | 
141     | 0.0            | 0.276     | 
142     | 0.0            | 0.2759    | 
143     | 0.0            | 0.2759    | 
144     | 0.0            | 0.2761    | 
145     | 0.0            | 0.2762    | 
146     | 0.0            | 0.2764    | 
147     | 0.0            | 0.2766    | 
148     | 0.0            | 0.2766    | 
149     | 0.0            | 0.2767    | 
150     | 0.0            | 0.2769    | 
151     | 0.0            | 0.277     | 
152     | 0.0            | 0.2773    | 
153     | 0.0            | 0.2776    | 
154     | 0.0            | 0.2777    | 
155     | 0.0            | 0.2778    | 
156     | 0.0            | 0.2782    | 
157     | 0.0            | 0.2784    | 
158     | 0.0            | 0.2785    | 
159     | 0.0            | 0.2784    | 
160     | 0.0            | 0.2784    | 
161     | 0.0            | 0.2786    | 
162     | 0.0            | 0.2788    | 
163     | 0.0            | 0.2787    | 
164     | 0.0            | 0.2788    | 
165     | 0.0            | 0.2789    | 
166     | 0.0            | 0.2799    | 
167     | 0.0            | 0.2798    | 
168     | 0.0            | 0.279     | 
169     | 0.0            | 0.2794    | 
170     | 0.0            | 0.2794    | 
171     | 0.0            | 0.2795    | 
172     | 0.0            | 0.2796    | 
173     | 0.0            | 0.2797    | 
174     | 0.0            | 0.28      | 
175     | 0.0            | 0.28      | 
176     | 0.0            | 0.2799    | 
177     | 0.0            | 0.2799    | 
178     | 0.0            | 0.28      | 
179     | 0.0            | 0.2799    | 
180     | 0.0            | 0.2801    | 
181     | 0.0            | 0.2802    | 
182     | 0.0            | 0.2803    | 
183     | 0.0            | 0.2803    | 
184     | 0.0            | 0.2805    | 
185     | 0.0            | 0.2805    | 
186     | 0.0            | 0.2804    | 
187     | 0.0            | 0.2804    | 
188     | 0.0            | 0.2804    | 
189     | 0.0            | 0.2805    | 
190     | 0.0            | 0.2805    | 
191     | 0.0            | 0.2805    | 
192     | 0.0            | 0.2805    | 
193     | 0.0            | 0.2807    | 
194     | 0.0            | 0.2808    | 
195     | 0.0            | 0.2808    | 
196     | 0.0            | 0.2808    | 
197     | 0.0            | 0.2808    | 
198     | 0.0            | 0.2809    | 
199     | 0.0            | 0.2811    | 
200     | 0.0            | 0.2812    | 
201     | 0.0            | 0.2815    | 
202     | 0.0            | 0.2816    | 
203     | 0.0            | 0.2816    | 
204     | 0.0            | 0.2817    | 
205     | 0.0            | 0.2817    | 
206     | 0.0            | 0.282     | 
207     | 0.0            | 0.282     | 
208     | 0.0            | 0.282     | 
209     | 0.0            | 0.2823    | 
210     | 0.0            | 0.2823    | 
211     | 0.0            | 0.2824    | 
212     | 0.0            | 0.2825    | 
213     | 0.0            | 0.2825    | 
214     | 0.0            | 0.2827    | 
215     | 0.0            | 0.2829    | 
216     | 0.0            | 0.2829    | 
217     | 0.0            | 0.283     | 
218     | 0.0            | 0.283     | 
219     | 0.0            | 0.283     | 
220     | 0.0            | 0.2836    | 
221     | 0.0            | 0.2837    | 
222     | 0.0            | 0.2837    | 
223     | 0.0            | 0.284     | 
224     | 0.0            | 0.2844    | 
225     | 0.0            | 0.2844    | 
226     | 0.0            | 0.2846    | 
227     | 0.0            | 0.2847    | 
228     | 0.0            | 0.2849    | 
229     | 0.0            | 0.2851    | 
230     | 0.0            | 0.2851    | 
231     | 0.0            | 0.2852    | 
232     | 0.0            | 0.2852    | 
233     | 0.0            | 0.2851    | 
234     | 0.0            | 0.2852    | 
235     | 0.0            | 0.2851    | 
236     | 0.0            | 0.2851    | 
237     | 0.0            | 0.2851    | 
238     | 0.0            | 0.2852    | 
239     | 0.0            | 0.2851    | 
240     | 0.0            | 0.2851    | 
241     | 0.0            | 0.2852    | 
242     | 0.0            | 0.2852    | 
243     | 0.0            | 0.2851    | 
244     | 0.0            | 0.285     | 
245     | 0.0            | 0.2851    | 
246     | 0.0            | 0.2853    | 
247     | 0.0            | 0.2853    | 
248     | 0.0            | 0.2853    | 
249     | 0.0            | 0.2855    | 
250     | 0.0            | 0.2853    | 
251     | 0.0            | 0.2853    | 
252     | 0.0            | 0.2852    | 
253     | 0.0            | 0.2853    | 
254     | 0.0            | 0.2852    | 
255     | 0.0            | 0.2853    | 
256     | 0.0            | 0.2853    | 
257     | 0.0            | 0.2854    | 
258     | 0.0            | 0.2854    | 
259     | 0.0            | 0.2854    | 
260     | 0.0            | 0.2853    | 
261     | 0.0            | 0.2854    | 
262     | 0.0            | 0.2854    | 
263     | 0.0            | 0.2854    | 
264     | 0.0            | 0.2855    | 
265     | 0.0            | 0.2854    | 
266     | 0.0            | 0.2854    | 
267     | 0.0            | 0.2854    | 
268     | 0.0            | 0.2854    | 
269     | 0.0            | 0.2854    | 
270     | 0.0            | 0.2854    | 
271     | 0.0            | 0.2854    | 
272     | 0.0            | 0.2853    | 
273     | 0.0            | 0.2854    | 
274     | 0.0            | 0.2855    | 
275     | 0.0            | 0.2854    | 
276     | 0.0            | 0.2854    | 
277     | 0.0            | 0.2854    | 
278     | 0.0            | 0.2853    | 
279     | 0.0            | 0.2852    | 
280     | 0.0            | 0.2851    | 
281     | 0.0            | 0.2851    | 
282     | 0.0            | 0.285     | 
283     | 0.0            | 0.2848    | 
284     | 0.0            | 0.2848    | 
285     | 0.0            | 0.2848    | 
286     | 0.0            | 0.2848    | 
287     | 0.0            | 0.2848    | 
288     | 0.0            | 0.2849    | 
289     | 0.0            | 0.2849    | 
290     | 0.0            | 0.285     | 
291     | 0.0            | 0.2848    | 
292     | 0.0            | 0.2848    | 
293     | 0.0            | 0.2847    | 
294     | 0.0            | 0.2848    | 
295     | 0.0            | 0.2849    | 
296     | 0.0            | 0.2849    | 
297     | 0.0            | 0.2849    | 
298     | 0.0            | 0.2848    | 
299     | 0.0            | 0.2847    | 
300     | 0.0            | 0.2847    | 
301     | 0.0            | 0.2847    | 
302     | 0.0            | 0.2847    | 
303     | 0.0            | 0.2847    | 
304     | 0.0            | 0.2847    | 
305     | 0.0            | 0.2847    | 
306     | 0.0            | 0.2846    | 
307     | 0.0            | 0.2845    | 
308     | 0.0            | 0.2846    | 
309     | 0.0            | 0.2842    | 
310     | 0.0            | 0.2842    | 
311     | 0.0            | 0.2839    | 
312     | 0.0            | 0.2844    | 
313     | 0.0            | 0.2843    | 
314     | 0.0            | 0.2842    | 
315     | 0.0            | 0.2844    | 
316     | 0.0            | 0.2844    | 
317     | 0.0            | 0.2844    | 
318     | 0.0            | 0.2841    | 
319     | 0.0            | 0.284     | 
320     | 0.0            | 0.2841    | 
321     | 0.0            | 0.2841    | 
322     | 0.0            | 0.284     | 
323     | 0.0            | 0.2842    | 
324     | 0.0            | 0.2842    | 
325     | 0.0            | 0.2841    | 
326     | 0.0            | 0.284     | 
327     | 0.0            | 0.284     | 
328     | 0.0            | 0.2839    | 
329     | 0.0            | 0.2842    | 
330     | 0.0            | 0.2842    | 
331     | 0.0            | 0.2841    | 
332     | 0.0            | 0.284     | 
333     | 0.0            | 0.284     | 
334     | 0.0            | 0.2839    | 
335     | 0.0            | 0.2839    | 
336     | 0.0            | 0.2839    | 
337     | 0.0            | 0.2838    | 
338     | 0.0            | 0.285     | 
339     | 0.0            | 0.285     | 
340     | 0.0            | 0.285     | 
341     | 0.0            | 0.285     | 
342     | 0.0            | 0.2854    | 
343     | 0.0            | 0.2856    | 
344     | 0.0            | 0.2856    | 
345     | 0.0            | 0.2857    | 
346     | 0.0            | 0.2855    | 
347     | 0.0            | 0.2855    | 
348     | 0.0            | 0.2855    | 
349     | 0.0            | 0.2855    | 
350     | 0.0            | 0.2854    | 
351     | 0.0            | 0.2853    | 
352     | 0.0            | 0.2852    | 
353     | 0.0            | 0.2855    | 
354     | 0.0            | 0.2856    | 
355     | 0.0            | 0.2856    | 
356     | 0.0            | 0.2855    | 
357     | 0.0            | 0.2859    | 
358     | 0.0            | 0.286     | 
359     | 0.0            | 0.2858    | 
360     | 0.0            | 0.2871    | 
361     | 0.0            | 0.2872    | 
362     | 0.0            | 0.2871    | 
363     | 0.0            | 0.2873    | 
364     | 0.0            | 0.2874    | 
365     | 0.0            | 0.2873    | 
366     | 0.0            | 0.2875    | 
367     | 0.0            | 0.2875    | 
368     | 0.0            | 0.2874    | 
369     | 0.0            | 0.2873    | 
370     | 0.0            | 0.2875    | 
371     | 0.0            | 0.2872    | 
372     | 0.0            | 0.2871    | 
373     | 0.0            | 0.287     | 
374     | 0.0            | 0.2871    | 
375     | 0.0            | 0.287     | 
376     | 0.0            | 0.287     | 
377     | 0.0            | 0.2871    | 
378     | 0.0            | 0.2873    | 
379     | 0.0            | 0.2871    | 
380     | 0.0            | 0.2874    | 
381     | 0.0            | 0.2873    | 
382     | 0.0            | 0.2874    | 
383     | 0.0            | 0.2875    | 
384     | 0.0            | 0.2875    | 
385     | 0.0            | 0.2874    | 
386     | 0.0            | 0.2875    | 
387     | 0.0            | 0.2874    | 
388     | 0.0            | 0.2872    | 
389     | 0.0            | 0.2874    | 
390     | 0.0            | 0.2874    | 
391     | 0.0            | 0.2874    | 
392     | 0.0            | 0.2873    | 
393     | 0.0            | 0.2874    | 
394     | 0.0            | 0.2885    | 
395     | 0.0            | 0.2886    | 
396     | 0.0            | 0.2885    | 
397     | 0.0            | 0.2886    | 
398     | 0.0            | 0.2886    | 
399     | 0.0            | 0.2884    | 
400     | 0.0            | 0.2885    | 
401     | 0.0            | 0.2884    | 
402     | 0.0            | 0.2883    | 
403     | 0.0            | 0.2882    | 
404     | 0.0            | 0.2883    | 
405     | 0.0            | 0.2881    | 
406     | 0.0            | 0.2872    | 
407     | 0.0            | 0.2868    | 
408     | 0.0            | 0.2864    | 
409     | 0.0            | 0.2864    | 
410     | 0.0            | 0.2865    | 
411     | 0.0            | 0.2866    | 
412     | 0.0            | 0.2858    | 
413     | 0.0            | 0.2857    | 
414     | 0.0            | 0.2856    | 
415     | 0.0            | 0.2851    | 
416     | 0.0            | 0.285     | 
417     | 0.0            | 0.285     | 
418     | 0.0            | 0.2849    | 
419     | 0.0            | 0.2849    | 
420     | 0.0            | 0.2847    | 
421     | 0.0            | 0.2847    | 
422     | 0.0            | 0.2846    | 
423     | 0.0            | 0.2846    | 
424     | 0.0            | 0.2845    | 
425     | 0.0            | 0.2844    | 
426     | 0.0            | 0.2844    | 
427     | 0.0            | 0.2844    | 
428     | 0.0            | 0.2844    | 
429     | 0.0            | 0.2842    | 
430     | 0.0            | 0.285     | 
431     | 0.0            | 0.2849    | 
432     | 0.0            | 0.2849    | 
433     | 0.0            | 0.2848    | 
434     | 0.0            | 0.2848    | 
435     | 0.0            | 0.2845    | 
436     | 0.0            | 0.2844    | 
437     | 0.0            | 0.2843    | 
438     | 0.0            | 0.2842    | 
439     | 0.0            | 0.2843    | 
440     | 0.0            | 0.2843    | 
441     | 0.0            | 0.284     | 
442     | 0.0            | 0.2839    | 
443     | 0.0            | 0.2837    | 
444     | 0.0            | 0.2836    | 
445     | 0.0            | 0.2834    | 
446     | 0.0            | 0.2834    | 
447     | 0.0            | 0.2837    | 
448     | 0.0            | 0.2836    | 
449     | 0.0            | 0.2836    | 
450     | 0.0            | 0.2838    | 
451     | 0.0            | 0.2838    | 
452     | 0.0            | 0.2838    | 
453     | 0.0            | 0.2838    | 
454     | 0.0            | 0.2837    | 
455     | 0.0            | 0.2835    | 
456     | 0.0            | 0.2834    | 
457     | 0.0            | 0.2834    | 
458     | 0.0            | 0.2834    | 
459     | 0.0            | 0.2833    | 
460     | 0.0            | 0.2833    | 
461     | 0.0            | 0.2833    | 
462     | 0.0            | 0.2831    | 
463     | 0.0            | 0.2831    | 
464     | 0.0            | 0.2834    | 
465     | 0.0            | 0.2833    | 
466     | 0.0            | 0.2833    | 
467     | 0.0            | 0.2831    | 
468     | 0.0            | 0.2831    | 
469     | 0.0            | 0.2831    | 
470     | 0.0            | 0.283     | 
471     | 0.0            | 0.2829    | 
472     | 0.0            | 0.2831    | 
473     | 0.0            | 0.2847    | 
474     | 0.0            | 0.2848    | 
475     | 0.0            | 0.2847    | 
476     | 0.0            | 0.2882    | 
477     | 0.0            | 0.2881    | 
478     | 0.0            | 0.288     | 
479     | 0.0            | 0.2877    | 
480     | 0.0            | 0.2874    | 
481     | 0.0            | 0.2871    | 
482     | 0.0            | 0.287     | 
483     | 0.0            | 0.2869    | 
484     | 0.0            | 0.2868    | 
485     | 0.0            | 0.2852    | 
486     | 0.0            | 0.2851    | 
487     | 0.0            | 0.2848    | 
488     | 0.0            | 0.2847    | 
489     | 0.0            | 0.2846    | 
490     | 0.0            | 0.2842    | 
491     | 0.0            | 0.2839    | 
492     | 0.0            | 0.2834    | 
493     | 0.0            | 0.2834    | 
494     | 0.0            | 0.2836    | 
495     | 0.0            | 0.2831    | 
496     | 0.0            | 0.2828    | 
497     | 0.0            | 0.2824    | 
498     | 0.0            | 0.2821    | 
499     | 0.0            | 0.282     | 
500     | 0.0            | 0.2818    | 
501     | 0.0            | 0.2816    | 
502     | 0.0            | 0.2814    | 
503     | 0.0            | 0.2813    | 
504     | 0.0            | 0.2812    | 
505     | 0.0            | 0.2811    | 
506     | 0.0            | 0.2806    | 
507     | 0.0            | 0.2806    | 
508     | 0.0            | 0.2805    | 
509     | 0.0            | 0.2807    | 
510     | 0.0            | 0.2805    | 
511     | 0.0            | 0.2804    | 
512     | 0.0            | 0.2803    | 
513     | 0.0            | 0.2801    | 
514     | 0.0            | 0.2799    | 
515     | 0.0            | 0.2798    | 
516     | 0.0            | 0.2797    | 
517     | 0.0            | 0.2795    | 
518     | 0.0            | 0.2794    | 
519     | 0.0            | 0.2794    | 
520     | 0.0            | 0.2793    | 
521     | 0.0            | 0.2792    | 
522     | 0.0            | 0.2789    | 
523     | 0.0            | 0.2788    | 
524     | 0.0            | 0.2787    | 
525     | 0.0            | 0.2786    | 
526     | 0.0            | 0.2785    | 
527     | 0.0            | 0.2784    | 
528     | 0.0            | 0.2783    | 
529     | 0.0            | 0.2783    | 
530     | 0.0            | 0.2781    | 
531     | 0.0            | 0.2781    | 
532     | 0.0            | 0.2781    | 
533     | 0.0            | 0.2781    | 
534     | 0.0            | 0.278     | 
535     | 0.0            | 0.2779    | 
536     | 0.0            | 0.2777    | 
537     | 0.0            | 0.2777    | 
538     | 0.0            | 0.2776    | 
539     | 0.0            | 0.2776    | 
540     | 0.0            | 0.2775    | 
541     | 0.0            | 0.2774    | 
542     | 0.0            | 0.2773    | 
543     | 0.0            | 0.2771    | 
544     | 0.0            | 0.277     | 
545     | 0.0            | 0.2769    | 
546     | 0.0            | 0.2767    | 
547     | 0.0            | 0.2766    | 
548     | 0.0            | 0.277     | 
549     | 0.0            | 0.277     | 
550     | 0.0            | 0.2769    | 
551     | 0.0            | 0.2768    | 
552     | 0.0            | 0.2767    | 
553     | 0.0            | 0.2767    | 
554     | 0.0            | 0.2768    | 
555     | 0.0            | 0.2767    | 
556     | 0.0            | 0.2764    | 
557     | 0.0            | 0.2762    | 
558     | 0.0            | 0.276     | 
559     | 0.0            | 0.2759    | 
560     | 0.0            | 0.2757    | 
561     | 0.0            | 0.2756    | 
562     | 0.0            | 0.2755    | 
563     | 0.0            | 0.2755    | 
564     | 0.0            | 0.2754    | 
565     | 0.0            | 0.2752    | 
566     | 0.0            | 0.2751    | 
567     | 0.0            | 0.2751    | 
568     | 0.0            | 0.2751    | 
569     | 0.0            | 0.2751    | 
570     | 0.0            | 0.275     | 
571     | 0.0            | 0.275     | 
572     | 0.0            | 0.2742    | 
573     | 0.0            | 0.2741    | 
574     | 0.0            | 0.2739    | 
575     | 0.0            | 0.2738    | 
576     | 0.0            | 0.2737    | 
577     | 0.0            | 0.2736    | 
578     | 0.0            | 0.2736    | 
579     | 0.0            | 0.2735    | 
580     | 0.0            | 0.2735    | 
581     | 0.0            | 0.2734    | 
582     | 0.0            | 0.2733    | 
583     | 0.0            | 0.2733    | 
584     | 0.0            | 0.2733    | 
585     | 0.0            | 0.2732    | 
586     | 0.0            | 0.2731    | 
587     | 0.0            | 0.273     | 
588     | 0.0            | 0.2729    | 
589     | 0.0            | 0.2728    | 
590     | 0.0            | 0.2728    | 
591     | 0.0            | 0.2728    | 
592     | 0.0            | 0.2728    | 
593     | 0.0            | 0.2728    | 
594     | 0.0            | 0.2727    | 
595     | 0.0            | 0.2726    | 
596     | 0.0            | 0.2725    | 
597     | 0.0            | 0.2725    | 
598     | 0.0            | 0.2724    | 
599     | 0.0            | 0.272     | 
600     | 0.0            | 0.272     | 
601     | 0.0            | 0.2719    | 
602     | 0.0            | 0.2719    | 
603     | 0.0            | 0.2716    | 
604     | 0.0            | 0.2716    | 
605     | 0.0            | 0.2716    | 
606     | 0.0            | 0.2715    | 
607     | 0.0            | 0.2714    | 
608     | 0.0            | 0.2711    | 
609     | 0.0            | 0.271     | 
610     | 0.0            | 0.2709    | 
611     | 0.0            | 0.2706    | 
612     | 0.0            | 0.2705    | 
613     | 0.0            | 0.2705    | 
614     | 0.0            | 0.2712    | 
615     | 0.0            | 0.271     | 
616     | 0.0            | 0.2709    | 
617     | 0.0            | 0.2707    | 
618     | 0.0            | 0.2707    | 
619     | 0.0            | 0.271     | 
620     | 0.0            | 0.2707    | 
621     | 0.0            | 0.2704    | 
622     | 0.0            | 0.2704    | 
623     | 0.0            | 0.2703    | 
624     | 0.0            | 0.2701    | 
625     | 0.0            | 0.2705    | 
626     | 0.0            | 0.2704    | 
627     | 0.0            | 0.2702    | 
628     | 0.0            | 0.2702    | 
629     | 0.0            | 0.2702    | 
630     | 0.0            | 0.2701    | 
631     | 0.0            | 0.2702    | 
632     | 0.0            | 0.2702    | 
633     | 0.0            | 0.2702    | 
634     | 0.0            | 0.27      | 
635     | 0.0            | 0.27      | 
636     | 0.0            | 0.2699    | 
637     | 0.0            | 0.2698    | 
638     | 0.0            | 0.2697    | 
639     | 0.0            | 0.2701    | 
640     | 0.0            | 0.2701    | 
641     | 0.0            | 0.2699    | 
642     | 0.0            | 0.2698    | 
643     | 0.0            | 0.2697    | 
644     | 0.0            | 0.2697    | 
645     | 0.0            | 0.2696    | 
646     | 0.0            | 0.2695    | 
647     | 0.0            | 0.2694    | 
648     | 0.0            | 0.2694    | 
649     | 0.0            | 0.2693    | 
650     | 0.0            | 0.2692    | 
651     | 0.0            | 0.269     | 
652     | 0.0            | 0.2689    | 
653     | 0.0            | 0.2689    | 
654     | 0.0            | 0.2689    | 
655     | 0.0            | 0.2688    | 
656     | 0.0            | 0.2688    | 
657     | 0.0            | 0.2687    | 
658     | 0.0            | 0.2685    | 
659     | 0.0            | 0.2685    | 
660     | 0.0            | 0.2685    | 
661     | 0.0            | 0.2683    | 
662     | 0.0            | 0.2683    | 
663     | 0.0            | 0.2683    | 
664     | 0.0            | 0.2682    | 
665     | 0.0            | 0.268     | 
666     | 0.0            | 0.2689    | 
667     | 0.0            | 0.2688    | 
668     | 0.0            | 0.2687    | 
669     | 0.0            | 0.2687    | 
670     | 0.0            | 0.2685    | 
671     | 0.0            | 0.2685    | 
672     | 0.0            | 0.2685    | 
673     | 0.0            | 0.2685    | 
674     | 0.0            | 0.2685    | 
675     | 0.0            | 0.2685    | 
676     | 0.0            | 0.2684    | 
677     | 0.0            | 0.2683    | 
678     | 0.0            | 0.2683    | 
679     | 0.0            | 0.2683    | 
680     | 0.0            | 0.2682    | 
681     | 0.0            | 0.2682    | 
682     | 0.0            | 0.2682    | 
683     | 0.0            | 0.2681    | 
684     | 0.0            | 0.268     | 
685     | 0.0            | 0.2678    | 
686     | 0.0            | 0.2677    | 
687     | 0.0            | 0.2677    | 
688     | 0.0            | 0.2677    | 
689     | 0.0            | 0.2676    | 
690     | 0.0            | 0.2675    | 
691     | 0.0            | 0.2675    | 
692     | 0.0            | 0.2674    | 
693     | 0.0            | 0.2673    | 
694     | 0.0            | 0.2673    | 
695     | 0.0            | 0.2673    | 
696     | 0.0            | 0.2672    | 
697     | 0.0            | 0.2671    | 
698     | 0.0            | 0.2671    | 
699     | 0.0            | 0.2671    | 
700     | 0.0            | 0.2671    | 
701     | 0.0            | 0.2669    | 
702     | 0.0            | 0.2669    | 
703     | 0.0            | 0.2668    | 
704     | 0.0            | 0.2667    | 
705     | 0.0            | 0.2667    | 
706     | 0.0            | 0.2667    | 
707     | 0.0            | 0.2667    | 
708     | 0.0            | 0.2667    | 
709     | 0.0            | 0.2669    | 
710     | 0.0            | 0.2669    | 
711     | 0.0            | 0.2668    | 
712     | 0.0            | 0.2668    | 
713     | 0.0            | 0.2667    | 
714     | 0.0            | 0.2667    | 
715     | 0.0            | 0.2667    | 
716     | 0.0            | 0.2667    | 
717     | 0.0            | 0.2667    | 
718     | 0.0            | 0.2667    | 
719     | 0.0            | 0.2666    | 
720     | 0.0            | 0.2666    | 
721     | 0.0            | 0.2667    | 
722     | 0.0            | 0.2667    | 
723     | 0.0            | 0.2667    | 
724     | 0.0            | 0.2665    | 
725     | 0.0            | 0.2664    | 
726     | 0.0            | 0.2664    | 
727     | 0.0            | 0.2663    | 
728     | 0.0            | 0.2662    | 
729     | 0.0            | 0.2661    | 
730     | 0.0            | 0.266     | 
731     | 0.0            | 0.266     | 
732     | 0.0            | 0.266     | 
733     | 0.0            | 0.266     | 
734     | 0.0            | 0.2659    | 
735     | 0.0            | 0.266     | 
736     | 0.0            | 0.2659    | 
737     | 0.0            | 0.2658    | 
738     | 0.0            | 0.2657    | 
739     | 0.0            | 0.2658    | 
740     | 0.0            | 0.2657    | 
741     | 0.0            | 0.2657    | 
742     | 0.0            | 0.2656    | 
743     | 0.0            | 0.2656    | 
744     | 0.0            | 0.2654    | 
745     | 0.0            | 0.2654    | 
746     | 0.0            | 0.2654    | 
747     | 0.0            | 0.2653    | 
748     | 0.0            | 0.2653    | 
749     | 0.0            | 0.2652    | 
750     | 0.0            | 0.2652    | 
751     | 0.0            | 0.2651    | 
752     | 0.0            | 0.2651    | 
753     | 0.0            | 0.265     | 
754     | 0.0            | 0.265     | 
755     | 0.0            | 0.265     | 
756     | 0.0            | 0.2649    | 
757     | 0.0            | 0.2649    | 
758     | 0.0            | 0.2648    | 
759     | 0.0            | 0.2648    | 
760     | 0.0            | 0.2648    | 
761     | 0.0            | 0.2646    | 
762     | 0.0            | 0.2646    | 
763     | 0.0            | 0.2646    | 
764     | 0.0            | 0.2645    | 
765     | 0.0            | 0.2645    | 
766     | 0.0            | 0.2645    | 
767     | 0.0            | 0.2645    | 
768     | 0.0            | 0.2644    | 
769     | 0.0            | 0.2644    | 
770     | 0.0            | 0.2644    | 
771     | 0.0            | 0.2643    | 
772     | 0.0            | 0.2642    | 
773     | 0.0            | 0.2642    | 
774     | 0.0            | 0.2642    | 
775     | 0.0            | 0.2642    | 
776     | 0.0            | 0.2641    | 
777     | 0.0            | 0.2642    | 
778     | 0.0            | 0.2641    | 
779     | 0.0            | 0.2641    | 
780     | 0.0            | 0.264     | 
781     | 0.0            | 0.2639    | 
782     | 0.0            | 0.2639    | 
783     | 0.0            | 0.2639    | 
784     | 0.0            | 0.2639    | 
785     | 0.0            | 0.2639    | 
786     | 0.0            | 0.2639    | 
787     | 0.0            | 0.2638    | 
788     | 0.0            | 0.2638    | 
789     | 0.0            | 0.2637    | 
790     | 0.0            | 0.2637    | 
791     | 0.0            | 0.2636    | 
792     | 0.0            | 0.2636    | 
793     | 0.0            | 0.2635    | 
794     | 0.0            | 0.2629    | 
795     | 0.0            | 0.2629    | 
796     | 0.0            | 0.2627    | 
797     | 0.0            | 0.2625    | 
798     | 0.0            | 0.2624    | 
799     | 0.0            | 0.2627    | 
800     | 0.0            | 0.2627    | 
801     | 0.0            | 0.2626    | 
802     | 0.0            | 0.2626    | 
803     | 0.0            | 0.2625    | 
804     | 0.0            | 0.2625    | 
805     | 0.0            | 0.2625    | 
806     | 0.0            | 0.2624    | 
807     | 0.0            | 0.2624    | 
808     | 0.0            | 0.2624    | 
809     | 0.0            | 0.2625    | 
810     | 0.0            | 0.2624    | 
811     | 0.0            | 0.2622    | 
812     | 0.0            | 0.2623    | 
813     | 0.0            | 0.2623    | 
814     | 0.0            | 0.2621    | 
815     | 0.0            | 0.2622    | 
816     | 0.0            | 0.2621    | 
817     | 0.0            | 0.2621    | 
818     | 0.0            | 0.2622    | 
819     | 0.0            | 0.2622    | 
820     | 0.0            | 0.2621    | 
821     | 0.0            | 0.2621    | 
822     | 0.0            | 0.262     | 
823     | 0.0            | 0.262     | 
824     | 0.0            | 0.2619    | 
825     | 0.0            | 0.2619    | 
826     | 0.0            | 0.2618    | 
827     | 0.0            | 0.2618    | 
828     | 0.0            | 0.2618    | 
829     | 0.0            | 0.2617    | 
830     | 0.0            | 0.2617    | 
831     | 0.0            | 0.2617    | 
832     | 0.0            | 0.2617    | 
833     | 0.0            | 0.2616    | 
834     | 0.0            | 0.2615    | 
835     | 0.0            | 0.2615    | 
836     | 0.0            | 0.2615    | 
837     | 0.0            | 0.2615    | 
838     | 0.0            | 0.2615    | 
839     | 0.0            | 0.2614    | 
840     | 0.0            | 0.2614    | 
841     | 0.0            | 0.2614    | 
842     | 0.0            | 0.2614    | 
843     | 0.0            | 0.2614    | 
844     | 0.0            | 0.2614    | 
845     | 0.0            | 0.2614    | 
846     | 0.0            | 0.2614    | 
847     | 0.0            | 0.2614    | 
848     | 0.0            | 0.2614    | 
849     | 0.0            | 0.2614    | 
850     | 0.0            | 0.2614    | 
851     | 0.0            | 0.2614    | 
852     | 0.0            | 0.2613    | 
853     | 0.0            | 0.2614    | 
854     | 0.0            | 0.2613    | 
855     | 0.0            | 0.2613    | 
856     | 0.0            | 0.2613    | 
857     | 0.0            | 0.2613    | 
858     | 0.0            | 0.2613    | 
859     | 0.0            | 0.2612    | 
860     | 0.0            | 0.2611    | 
861     | 0.0            | 0.2604    | 
862     | 0.0            | 0.2611    | 
863     | 0.0            | 0.2612    | 
864     | 0.0            | 0.2598    | 
865     | 0.0            | 0.2612    | 
866     | 0.0            | 0.2605    | 
867     | 0.0            | 0.2604    | 
868     | 0.0            | 0.2605    | 
869     | 0.0            | 0.2604    | 
870     | 0.0            | 0.2596    | 
871     | 0.0            | 0.261     | 
872     | 0.0            | 0.2596    | 
873     | 0.0            | 0.2602    | 
874     | 0.0            | 0.2601    | 
875     | 0.0            | 0.2595    | 
876     | 0.0            | 0.2599    | 
877     | 0.0            | 0.2607    | 
878     | 0.0            | 0.2609    | 
879     | 0.0            | 0.2601    | 
880     | 0.0            | 0.2596    | 
881     | 0.0            | 0.2594    | 
882     | 0.0            | 0.2599    | 
883     | 0.0            | 0.2593    | 
884     | 0.0            | 0.2584    | 
885     | 0.0            | 0.2591    | 
886     | 0.0            | 0.2593    | 
887     | 0.0            | 0.2585    | 
888     | 0.0            | 0.2589    | 
889     | 0.0            | 0.2599    | 
890     | 0.0            | 0.2597    | 
891     | 0.0            | 0.2585    | 
892     | 0.0            | 0.2596    | 
893     | 0.0            | 0.259     | 
894     | 0.0            | 0.2591    | 
895     | 0.0            | 0.2598    | 
896     | 0.0            | 0.2581    | 
897     | 0.0            | 0.259     | 
898     | 0.0            | 0.2585    | 
899     | 0.0            | 0.259     | 
900     | 0.0            | 0.2582    | 
901     | 0.0            | 0.2587    | 
902     | 0.0            | 0.2589    | 
903     | 0.0            | 0.2588    | 
904     | 0.0            | 0.2574    | 
905     | 0.0            | 0.2591    | 
906     | 0.0            | 0.2584    | 
907     | 0.0            | 0.2601    | 
908     | 0.0            | 0.2597    | 
909     | 0.0            | 0.2611    | 
910     | 0.0            | 0.2598    | 
911     | 0.0            | 0.2564    | 
912     | 0.0            | 0.2543    | 
913     | 0.0            | 0.2547    | 
914     | 0.0            | 0.2555    | 
915     | 0.0            | 0.2522    | 
916     | 0.0            | 0.2533    | 
917     | 0.0            | 0.2529    | 
918     | 0.0            | 0.2515    | 
919     | 0.0            | 0.2514    | 
920     | 0.0            | 0.2501    | 
921     | 0.0            | 0.251     | 
922     | 0.0            | 0.2515    | 
923     | 0.0            | 0.2519    | 
924     | 0.0            | 0.2513    | 
925     | 0.0            | 0.2505    | 
926     | 0.0            | 0.2503    | 
927     | 0.0            | 0.2486    | 
928     | 0.0            | 0.248     | 
929     | 0.0            | 0.2484    | 
930     | 0.0            | 0.2475    | 
931     | 0.0            | 0.2478    | 
932     | 0.0            | 0.2479    | 
933     | 0.0            | 0.2469    | 
934     | 0.0            | 0.2475    | 
935     | 0.0            | 0.2486    | 
936     | 0.0            | 0.2476    | 
937     | 0.0            | 0.2482    | 
938     | 0.0            | 0.249     | 
939     | 0.0            | 0.2492    | 
940     | 0.0            | 0.2474    | 
941     | 0.0            | 0.2465    | 
942     | 0.0            | 0.2458    | 
943     | 0.0            | 0.2445    | 
944     | 0.0            | 0.2458    | 
945     | 0.0            | 0.2453    | 
946     | 0.0            | 0.244     | 
947     | 0.0            | 0.246     | 
948     | 0.0            | 0.2465    | 
949     | 0.0            | 0.2453    | 
950     | 0.0            | 0.246     | 
951     | 0.0            | 0.2451    | 
952     | 0.0            | 0.2457    | 
953     | 0.0            | 0.2455    | 
954     | 0.0            | 0.246     | 
955     | 0.0            | 0.245     | 
956     | 0.0            | 0.2441    | 
957     | 0.0            | 0.243     | 
958     | 0.0            | 0.2442    | 
959     | 0.0            | 0.2427    | 
960     | 0.0            | 0.2414    | 
961     | 0.0            | 0.2436    | 
962     | 0.0            | 0.2427    | 
963     | 0.0            | 0.2417    | 
964     | 0.0            | 0.2409    | 
965     | 0.0            | 0.2426    | 
966     | 0.0            | 0.243     | 
967     | 0.0            | 0.2425    | 
968     | 0.0            | 0.2402    | 
969     | 0.0            | 0.2445    | 
970     | 0.0            | 0.2443    | 
971     | 0.0            | 0.2443    | 
972     | 0.0            | 0.2451    | 
973     | 0.0            | 0.2439    | 
974     | 0.0            | 0.2426    | 
975     | 0.0            | 0.2398    | 
976     | 0.0            | 0.237     | 
977     | 0.0            | 0.2367    | 
978     | 0.0            | 0.2359    | 
979     | 0.0            | 0.2348    | 
980     | 0.0            | 0.2354    | 
981     | 0.0            | 0.235     | 
982     | 0.0            | 0.2357    | 
983     | 0.0            | 0.2355    | 
984     | 0.0            | 0.2369    | 
985     | 0.0            | 0.2368    | 
986     | 0.0            | 0.2384    | 
987     | 0.0            | 0.2386    | 
988     | 0.0            | 0.2391    | 
989     | 0.0            | 0.2384    | 
990     | 0.0            | 0.2378    | 
991     | 0.0            | 0.2386    | 
992     | 0.0            | 0.2372    | 
993     | 0.0            | 0.2371    | 
994     | 0.0            | 0.2362    | 
995     | 0.0            | 0.2363    | 
996     | 0.0            | 0.2365    | 
997     | 0.0            | 0.2372    | 
998     | 0.0            | 0.2385    | 
999     | 0.0            | 0.2379    | 
1000    | 0.0            | 0.2397    | 
1001    | 0.0            | 0.2402    | 
1002    | 0.0            | 0.2389    | 
1003    | 0.0            | 0.2366    | 
1004    | 0.0            | 0.239     | 
1005    | 0.0            | 0.2387    | 
1006    | 0.0            | 0.2397    | 
1007    | 0.0            | 0.2384    | 
1008    | 0.0            | 0.238     | 
1009    | 0.0            | 0.2377    | 
1010    | 0.0            | 0.2383    | 
1011    | 0.0            | 0.2375    | 
1012    | 0.0            | 0.2373    | 
1013    | 0.0            | 0.2373    | 
1014    | 0.0            | 0.2359    | 
1015    | 0.0            | 0.2355    | 
1016    | 0.0            | 0.2349    | 
1017    | 0.0            | 0.2344    | 
1018    | 0.0            | 0.2339    | 
1019    | 0.0            | 0.2327    | 
1020    | 0.0            | 0.2325    | 
1021    | 0.0            | 0.2323    | 
1022    | 0.0            | 0.2318    | 
1023    | 0.0            | 0.2318    | 
1024    | 0.0            | 0.2314    | 
1025    | 0.0            | 0.2311    | 
1026    | 0.0            | 0.2314    | 
1027    | 0.0            | 0.2315    | 
1028    | 0.0            | 0.2319    | 
1029    | 0.0            | 0.2314    | 
1030    | 0.0            | 0.2321    | 
1031    | 0.0            | 0.2322    | 
1032    | 0.0            | 0.2317    | 
1033    | 0.0            | 0.2315    | 
1034    | 0.0            | 0.2306    | 
1035    | 0.0            | 0.23      | 
1036    | 0.0            | 0.2296    | 
1037    | 0.0            | 0.2295    | 
1038    | 0.0            | 0.2296    | 
1039    | 0.0            | 0.2294    | 
1040    | 0.0            | 0.231     | 
1041    | 0.0            | 0.2305    | 
1042    | 0.0            | 0.2305    | 
1043    | 0.0            | 0.2301    | 
1044    | 0.0            | 0.2298    | 
1045    | 0.0            | 0.23      | 
1046    | 0.0            | 0.2299    | 
1047    | 0.0            | 0.2289    | 
1048    | 0.0            | 0.2286    | 
1049    | 0.0            | 0.2295    | 
1050    | 0.0            | 0.2295    | 
1051    | 0.0            | 0.2293    | 
1052    | 0.0            | 0.2291    | 
1053    | 0.0            | 0.2295    | 
1054    | 0.0            | 0.2291    | 
1055    | 0.0            | 0.2292    | 
1056    | 0.0            | 0.2292    | 
1057    | 0.0            | 0.2293    | 
1058    | 0.0            | 0.2296    | 
1059    | 0.0            | 0.2296    | 
1060    | 0.0            | 0.2294    | 
1061    | 0.0            | 0.2296    | 
1062    | 0.0            | 0.2295    | 
1063    | 0.0            | 0.23      | 
1064    | 0.0            | 0.23      | 
1065    | 0.0            | 0.2297    | 
1066    | 0.0            | 0.2295    | 
1067    | 0.0            | 0.2298    | 
1068    | 0.0            | 0.2297    | 
1069    | 0.0            | 0.2296    | 
1070    | 0.0            | 0.2297    | 
1071    | 0.0            | 0.2295    | 
1072    | 0.0            | 0.2291    | 
1073    | 0.0            | 0.23      | 
1074    | 0.0            | 0.2296    | 
1075    | 0.0            | 0.2307    | 
1076    | 0.0            | 0.2307    | 
1077    | 0.0            | 0.2311    | 
1078    | 0.0            | 0.2312    | 
1079    | 0.0            | 0.231     | 
1080    | 0.0            | 0.2302    | 
1081    | 0.0            | 0.2298    | 
1082    | 0.0            | 0.2305    | 
1083    | 0.0            | 0.2294    | 
1084    | 0.0            | 0.2292    | 
1085    | 0.0            | 0.2288    | 
1086    | 0.0            | 0.2288    | 
1087    | 0.0            | 0.2286    | 
1088    | 0.0            | 0.2282    | 
1089    | 0.0            | 0.2278    | 
1090    | 0.0            | 0.2276    | 
1091    | 0.0            | 0.2274    | 
1092    | 0.0            | 0.2274    | 
1093    | 0.0            | 0.2272    | 
1094    | 0.0            | 0.227     | 
1095    | 0.0            | 0.227     | 
1096    | 0.0            | 0.2266    | 
1097    | 0.0            | 0.2267    | 
1098    | 0.0            | 0.2267    | 
1099    | 0.0            | 0.2269    | 
1100    | 0.0            | 0.227     | 
1101    | 0.0            | 0.2269    | 
1102    | 0.0            | 0.2271    | 
1103    | 0.0            | 0.227     | 
1104    | 0.0            | 0.227     | 
1105    | 0.0            | 0.2272    | 
1106    | 0.0            | 0.2272    | 
1107    | 0.0            | 0.2273    | 
1108    | 0.0            | 0.2271    | 
1109    | 0.0            | 0.227     | 
1110    | 0.0            | 0.2269    | 
1111    | 0.0            | 0.2275    | 
1112    | 0.0            | 0.2272    | 
1113    | 0.0            | 0.2273    | 
1114    | 0.0            | 0.2269    | 
1115    | 0.0            | 0.2267    | 
1116    | 0.0            | 0.2269    | 
1117    | 0.0            | 0.2264    | 
1118    | 0.0            | 0.2262    | 
1119    | 0.0            | 0.2258    | 
1120    | 0.0            | 0.226     | 
1121    | 0.0            | 0.2261    | 
1122    | 0.0            | 0.2258    | 
1123    | 0.0            | 0.2255    | 
1124    | 0.0            | 0.2257    | 
1125    | 0.0            | 0.2252    | 
1126    | 0.0            | 0.2247    | 
1127    | 0.0            | 0.2238    | 
1128    | 0.0            | 0.2232    | 
1129    | 0.0            | 0.2231    | 
1130    | 0.0            | 0.223     | 
1131    | 0.0            | 0.2228    | 
1132    | 0.0            | 0.2229    | 
1133    | 0.0            | 0.2231    | 
1134    | 0.0            | 0.2231    | 
1135    | 0.0            | 0.2227    | 
1136    | 0.0            | 0.2224    | 
1137    | 0.0            | 0.2224    | 
1138    | 0.0            | 0.2223    | 
1139    | 0.0            | 0.2222    | 
1140    | 0.0            | 0.2221    | 
1141    | 0.0            | 0.222     | 
1142    | 0.0            | 0.2221    | 
1143    | 0.0            | 0.222     | 
1144    | 0.0            | 0.2219    | 
1145    | 0.0            | 0.2229    | 
1146    | 0.0            | 0.223     | 
1147    | 0.0            | 0.223     | 
1148    | 0.0            | 0.2233    | 
1149    | 0.0            | 0.223     | 
1150    | 0.0            | 0.2229    | 
1151    | 0.0            | 0.2227    | 
1152    | 0.0            | 0.223     | 
1153    | 0.0            | 0.223     | 
1154    | 0.0            | 0.2226    | 
1155    | 0.0            | 0.2224    | 
1156    | 0.0            | 0.2225    | 
1157    | 0.0            | 0.2226    | 
1158    | 0.0            | 0.2227    | 
1159    | 0.0            | 0.2225    | 
1160    | 0.0            | 0.2224    | 
1161    | 0.0            | 0.2224    | 
1162    | 0.0            | 0.2222    | 
1163    | 0.0            | 0.2222    | 
1164    | 0.0            | 0.2221    | 
1165    | 0.0            | 0.2221    | 
1166    | 0.0            | 0.2221    | 
1167    | 0.0            | 0.222     | 
1168    | 0.0            | 0.222     | 
1169    | 0.0            | 0.2218    | 
1170    | 0.0            | 0.2216    | 
1171    | 0.0            | 0.2216    | 
1172    | 0.0            | 0.2215    | 
1173    | 0.0            | 0.2214    | 
1174    | 0.0            | 0.2213    | 
1175    | 0.0            | 0.221     | 
1176    | 0.0            | 0.221     | 
1177    | 0.0            | 0.2209    | 
1178    | 0.0            | 0.2208    | 
1179    | 0.0            | 0.2209    | 
1180    | 0.0            | 0.2209    | 
1181    | 0.0            | 0.2208    | 
1182    | 0.0            | 0.2207    | 
1183    | 0.0            | 0.2207    | 
1184    | 0.0            | 0.2207    | 
1185    | 0.0            | 0.2208    | 
1186    | 0.0            | 0.2207    | 
1187    | 0.0            | 0.2206    | 
1188    | 0.0            | 0.2203    | 
1189    | 0.0            | 0.2195    | 
1190    | 0.0            | 0.2193    | 
1191    | 0.0            | 0.2192    | 
1192    | 0.0            | 0.219     | 
1193    | 0.0            | 0.2195    | 
1194    | 0.0            | 0.2194    | 
1195    | 0.0            | 0.2194    | 
1196    | 0.0            | 0.2192    | 
1197    | 0.0            | 0.2189    | 
1198    | 0.0            | 0.2195    | 
1199    | 0.0            | 0.2197    | 
1200    | 0.0            | 0.2202    | 
1201    | 0.0            | 0.2202    | 
1202    | 0.0            | 0.2207    | 
1203    | 0.0            | 0.2208    | 
1204    | 0.0            | 0.2207    | 
1205    | 0.0            | 0.2207    | 
1206    | 0.0            | 0.2208    | 
1207    | 0.0            | 0.2209    | 
1208    | 0.0            | 0.2208    | 
1209    | 0.0            | 0.2211    | 
1210    | 0.0            | 0.2211    | 
1211    | 0.0            | 0.2211    | 
1212    | 0.0            | 0.2209    | 
1213    | 0.0            | 0.2214    | 
1214    | 0.0            | 0.2213    | 
1215    | 0.0            | 0.2215    | 
1216    | 0.0            | 0.2213    | 
1217    | 0.0            | 0.2213    | 
1218    | 0.0            | 0.221     | 
1219    | 0.0            | 0.2208    | 
1220    | 0.0            | 0.2208    | 
1221    | 0.0            | 0.2209    | 
1222    | 0.0            | 0.221     | 
1223    | 0.0            | 0.2209    | 
1224    | 0.0            | 0.2213    | 
1225    | 0.0            | 0.2212    | 
1226    | 0.0            | 0.2211    | 
1227    | 0.0            | 0.2211    | 
1228    | 0.0            | 0.2225    | 
1229    | 0.0            | 0.2224    | 
1230    | 0.0            | 0.2225    | 
1231    | 0.0            | 0.2225    | 
1232    | 0.0            | 0.2223    | 
1233    | 0.0            | 0.2224    | 
1234    | 0.0            | 0.2221    | 
1235    | 0.0            | 0.2206    | 
1236    | 0.0            | 0.2206    | 
1237    | 0.0            | 0.2206    | 
1238    | 0.0            | 0.2207    | 
1239    | 0.0            | 0.2211    | 
1240    | 0.0            | 0.221     | 
1241    | 0.0            | 0.2209    | 
1242    | 0.0            | 0.2218    | 
1243    | 0.0            | 0.2219    | 
1244    | 0.0            | 0.2216    | 
1245    | 0.0            | 0.2216    | 
1246    | 0.0            | 0.2214    | 
1247    | 0.0            | 0.2215    | 
1248    | 0.0            | 0.2216    | 
1249    | 0.0            | 0.2215    | 
1250    | 0.0            | 0.2215    | 
1251    | 0.0            | 0.2215    | 
1252    | 0.0            | 0.2213    | 
1253    | 0.0            | 0.2213    | 
1254    | 0.0            | 0.2212    | 
1255    | 0.0            | 0.221     | 
1256    | 0.0            | 0.221     | 
1257    | 0.0            | 0.221     | 
1258    | 0.0            | 0.2211    | 
1259    | 0.0            | 0.2211    | 
1260    | 0.0            | 0.2207    | 
1261    | 0.0            | 0.2208    | 
1262    | 0.0            | 0.2208    | 
1263    | 0.0            | 0.2207    | 
1264    | 0.0            | 0.2207    | 
1265    | 0.0            | 0.2206    | 
1266    | 0.0            | 0.2205    | 
1267    | 0.0            | 0.2205    | 
1268    | 0.0            | 0.2203    | 
1269    | 0.0            | 0.2203    | 
1270    | 0.0            | 0.2204    | 
1271    | 0.0            | 0.2202    | 
1272    | 0.0            | 0.2202    | 
1273    | 0.0            | 0.2201    | 
1274    | 0.0            | 0.2202    | 
1275    | 0.0            | 0.2202    | 
1276    | 0.0            | 0.2203    | 
1277    | 0.0            | 0.2202    | 
1278    | 0.0            | 0.2201    | 
1279    | 0.0            | 0.2202    | 
1280    | 0.0            | 0.2201    | 
1281    | 0.0            | 0.2201    | 
1282    | 0.0            | 0.2201    | 
1283    | 0.0            | 0.2201    | 
1284    | 0.0            | 0.22      | 
1285    | 0.0            | 0.2199    | 
1286    | 0.0            | 0.2199    | 
1287    | 0.0            | 0.2199    | 
1288    | 0.0            | 0.2199    | 
1289    | 0.0            | 0.2199    | 
1290    | 0.0            | 0.2201    | 
1291    | 0.0            | 0.2199    | 
1292    | 0.0            | 0.22      | 
1293    | 0.0            | 0.22      | 
1294    | 0.0            | 0.2199    | 
1295    | 0.0            | 0.2199    | 
1296    | 0.0            | 0.2199    | 
1297    | 0.0            | 0.2198    | 
1298    | 0.0            | 0.2198    | 
1299    | 0.0            | 0.2199    | 
1300    | 0.0            | 0.22      | 
1301    | 0.0            | 0.2199    | 
1302    | 0.0            | 0.2199    | 
1303    | 0.0            | 0.2199    | 
1304    | 0.0            | 0.2199    | 
1305    | 0.0            | 0.2199    | 
1306    | 0.0            | 0.2198    | 
1307    | 0.0            | 0.2199    | 
1308    | 0.0            | 0.2196    | 
1309    | 0.0            | 0.2195    | 
1310    | 0.0            | 0.2194    | 
1311    | 0.0            | 0.2192    | 
1312    | 0.0            | 0.2191    | 
1313    | 0.0            | 0.2191    | 
1314    | 0.0            | 0.2189    | 
1315    | 0.0            | 0.2188    | 
1316    | 0.0            | 0.2188    | 
1317    | 0.0            | 0.2188    | 
1318    | 0.0            | 0.2188    | 
1319    | 0.0            | 0.2188    | 
1320    | 0.0            | 0.2188    | 
1321    | 0.0            | 0.2188    | 
1322    | 0.0            | 0.2187    | 
1323    | 0.0            | 0.2186    | 
1324    | 0.0            | 0.2184    | 
1325    | 0.0            | 0.2185    | 
1326    | 0.0            | 0.2186    | 
1327    | 0.0            | 0.2185    | 
1328    | 0.0            | 0.2184    | 
1329    | 0.0            | 0.2183    | 
1330    | 0.0            | 0.2184    | 
1331    | 0.0            | 0.2184    | 
1332    | 0.0            | 0.2184    | 
1333    | 0.0            | 0.2183    | 
1334    | 0.0            | 0.2178    | 
1335    | 0.0            | 0.2178    | 
1336    | 0.0            | 0.2181    | 
1337    | 0.0            | 0.218     | 
1338    | 0.0            | 0.2181    | 
1339    | 0.0            | 0.2181    | 
1340    | 0.0            | 0.218     | 
1341    | 0.0            | 0.218     | 
1342    | 0.0            | 0.218     | 
1343    | 0.0            | 0.2179    | 
1344    | 0.0            | 0.2177    | 
1345    | 0.0            | 0.2177    | 
1346    | 0.0            | 0.2177    | 
1347    | 0.0            | 0.2177    | 
1348    | 0.0            | 0.2175    | 
1349    | 0.0            | 0.2173    | 
1350    | 0.0            | 0.2173    | 
1351    | 0.0            | 0.2172    | 
1352    | 0.0            | 0.2173    | 
1353    | 0.0            | 0.218     | 
1354    | 0.0            | 0.218     | 
1355    | 0.0            | 0.2181    | 
1356    | 0.0            | 0.2181    | 
1357    | 0.0            | 0.218     | 
1358    | 0.0            | 0.2181    | 
1359    | 0.0            | 0.2182    | 
1360    | 0.0            | 0.2186    | 
1361    | 0.0            | 0.2184    | 
1362    | 0.0            | 0.2184    | 
1363    | 0.0            | 0.2184    | 
1364    | 0.0            | 0.2183    | 
1365    | 0.0            | 0.2182    | 
1366    | 0.0            | 0.2182    | 
1367    | 0.0            | 0.2181    | 
1368    | 0.0            | 0.2182    | 
1369    | 0.0            | 0.2181    | 
1370    | 0.0            | 0.2182    | 
1371    | 0.0            | 0.2183    | 
1372    | 0.0            | 0.2182    | 
1373    | 0.0            | 0.2185    | 
1374    | 0.0            | 0.2185    | 
1375    | 0.0            | 0.2185    | 
1376    | 0.0            | 0.2185    | 
1377    | 0.0            | 0.2185    | 
1378    | 0.0            | 0.2185    | 
1379    | 0.0            | 0.2185    | 
1380    | 0.0            | 0.2185    | 
1381    | 0.0            | 0.2185    | 
1382    | 0.0            | 0.2185    | 
1383    | 0.0            | 0.2185    | 
1384    | 0.0            | 0.2182    | 
1385    | 0.0            | 0.2181    | 
1386    | 0.0            | 0.2182    | 
1387    | 0.0            | 0.2181    | 
1388    | 0.0            | 0.218     | 
1389    | 0.0            | 0.2178    | 
1390    | 0.0            | 0.2178    | 
1391    | 0.0            | 0.2177    | 
1392    | 0.0            | 0.2176    | 
1393    | 0.0            | 0.2177    | 
1394    | 0.0            | 0.2176    | 
1395    | 0.0            | 0.2176    | 
1396    | 0.0            | 0.2176    | 
1397    | 0.0            | 0.2177    | 
1398    | 0.0            | 0.2178    | 
1399    | 0.0            | 0.2178    | 
1400    | 0.0            | 0.2177    | 
1401    | 0.0            | 0.2177    | 
1402    | 0.0            | 0.2177    | 
1403    | 0.0            | 0.2178    | 
1404    | 0.0            | 0.2178    | 
1405    | 0.0            | 0.2176    | 
1406    | 0.0            | 0.2177    | 
1407    | 0.0            | 0.2176    | 
1408    | 0.0            | 0.2178    | 
1409    | 0.0            | 0.2178    | 
1410    | 0.0            | 0.2177    | 
1411    | 0.0            | 0.2177    | 
1412    | 0.0            | 0.2177    | 
1413    | 0.0            | 0.2176    | 
1414    | 0.0            | 0.2176    | 
1415    | 0.0            | 0.2179    | 
1416    | 0.0            | 0.218     | 
1417    | 0.0            | 0.218     | 
1418    | 0.0            | 0.2178    | 
1419    | 0.0            | 0.2179    | 
1420    | 0.0            | 0.2178    | 
1421    | 0.0            | 0.2177    | 
1422    | 0.0            | 0.2177    | 
1423    | 0.0            | 0.2177    | 
1424    | 0.0            | 0.2177    | 
1425    | 0.0            | 0.2178    | 
1426    | 0.0            | 0.2178    | 
1427    | 0.0            | 0.2178    | 
1428    | 0.0            | 0.2179    | 
1429    | 0.0            | 0.218     | 
1430    | 0.0            | 0.2181    | 
1431    | 0.0            | 0.2181    | 
1432    | 0.0            | 0.2181    | 
1433    | 0.0            | 0.2181    | 
1434    | 0.0            | 0.2181    | 
1435    | 0.0            | 0.2178    | 
1436    | 0.0            | 0.2178    | 
1437    | 0.0            | 0.2178    | 
1438    | 0.0            | 0.2178    | 
1439    | 0.0            | 0.2178    | 
1440    | 0.0            | 0.2177    | 
1441    | 0.0            | 0.2177    | 
1442    | 0.0            | 0.2177    | 
1443    | 0.0            | 0.2177    | 
1444    | 0.0            | 0.2177    | 
1445    | 0.0            | 0.2177    | 
1446    | 0.0            | 0.2177    | 
1447    | 0.0            | 0.2176    | 
1448    | 0.0            | 0.2177    | 
1449    | 0.0            | 0.2177    | 
1450    | 0.0            | 0.2177    | 
1451    | 0.0            | 0.2175    | 
1452    | 0.0            | 0.2175    | 
1453    | 0.0            | 0.2175    | 
1454    | 0.0            | 0.2175    | 
1455    | 0.0            | 0.2176    | 
1456    | 0.0            | 0.2175    | 
1457    | 0.0            | 0.2175    | 
1458    | 0.0            | 0.2174    | 
1459    | 0.0            | 0.2175    | 
1460    | 0.0            | 0.2175    | 
1461    | 0.0            | 0.2174    | 
1462    | 0.0            | 0.2174    | 
1463    | 0.0            | 0.2175    | 
1464    | 0.0            | 0.2175    | 
1465    | 0.0            | 0.2173    | 
1466    | 0.0            | 0.2175    | 
1467    | 0.0            | 0.2174    | 
1468    | 0.0            | 0.2174    | 
1469    | 0.0            | 0.2173    | 
1470    | 0.0            | 0.2175    | 
1471    | 0.0            | 0.2173    | 
1472    | 0.0            | 0.2173    | 
1473    | 0.0            | 0.2173    | 
1474    | 0.0            | 0.2173    | 
1475    | 0.0            | 0.2173    | 
1476    | 0.0            | 0.2173    | 
1477    | 0.0            | 0.2172    | 
1478    | 0.0            | 0.2172    | 
1479    | 0.0            | 0.2171    | 
1480    | 0.0            | 0.2171    | 
1481    | 0.0            | 0.217     | 
1482    | 0.0            | 0.2174    | 
1483    | 0.0            | 0.2173    | 
1484    | 0.0            | 0.2173    | 
1485    | 0.0            | 0.2173    | 
1486    | 0.0            | 0.2173    | 
1487    | 0.0            | 0.2173    | 
1488    | 0.0            | 0.2173    | 
1489    | 0.0            | 0.2172    | 
1490    | 0.0            | 0.2171    | 
1491    | 0.0            | 0.2172    | 
1492    | 0.0            | 0.217     | 
1493    | 0.0            | 0.217     | 
1494    | 0.0            | 0.217     | 
1495    | 0.0            | 0.217     | 
1496    | 0.0            | 0.2169    | 
1497    | 0.0            | 0.2168    | 
1498    | 0.0            | 0.2167    | 
1499    | 0.0            | 0.2167    | 
1500    | 0.0            | 0.2166    | 
--------------------------------------------------
Finished sucessfully.
MAP on training data: 0.2166
---------------------------------

Model saved to: EXP_DIR/output/Exp-2.3e.Model

Discard orig. features
Model file:	EXP_DIR/output/Exp-2.3e.Model
Feature normalization: No
Model:		ListNet

Reading feature file [EXP_DIR/output/Exp-2.3e.LtrTest]: 0... 
Reading feature file [EXP_DIR/output/Exp-2.3e.LtrTest]... [Done.]            
(12 ranked lists, 1200 entries read)

-- task_1:ranker: inRankFile --


-- task_3:reranker: ltr --


-- task_4:output: trec_eval --

Time:  19.8 secs
[2026-03-18 00:00:56] END QryEval EXP_DIR/params/Exp-2.3e.param (exit 0)

[2026-03-18 00:00:56] Running EXP_DIR/params/Exp-2.3f.param
[2026-03-18 00:00:56] BEGIN QryEval EXP_DIR/params/Exp-2.3f.param
[2026-03-18 00:00:56] COMMAND /opt/anaconda3/envs/11x42-26S-a/bin/python QryEval.py EXP_DIR/params/Exp-2.3f.param
